,Event,Location,Date,Link
0,UFC Fight Night: Fiziev vs. Gamrot,"Las Vegas, Nevada, USA","September 23, 2023",http://www.ufcstats.com/event-details/c945adc22c2bfe8f
1,UFC Fight Night: Grasso vs. Shevchenko 2,"Las Vegas, Nevada, USA","September 16, 2023",http://www.ufcstats.com/event-details/8fa2b06572365321
2,UFC 293: Adesanya vs. Strickland,"Sydney, New South Wales, Australia","September 09, 2023",http://www.ufcstats.com/event-details/ece280745f8727b8
3,UFC Fight Night: Gane vs. Spivac,"Paris, Ile-de-France, France","September 02, 2023",http://www.ufcstats.com/event-details/ef61d9f5176b3200
4,UFC Fight Night: Holloway vs. The Korean Zombie,"Kallang, Singapore","August 26, 2023",http://www.ufcstats.com/event-details/89a407032911e27e
5,UFC 292: Sterling vs. O'Malley,"Boston, Massachusetts, USA","August 19, 2023",http://www.ufcstats.com/event-details/2719f300b0439039
6,UFC Fight Night: Luque vs. Dos Anjos,"Las Vegas, Nevada, USA","August 12, 2023",http://www.ufcstats.com/event-details/d2fa318f34d0aadc
7,UFC Fight Night: Sandhagen vs. Font,"Nashville, Tennessee, USA","August 05, 2023",http://www.ufcstats.com/event-details/6f81b6de2557739a
8,UFC 291: Poirier vs. Gaethje 2,"Salt Lake City, Utah, USA","July 29, 2023",http://www.ufcstats.com/event-details/ccd58ff71e260ed5
9,UFC Fight Night: Aspinall vs. Tybura,"London, England, United Kingdom","July 22, 2023",http://www.ufcstats.com/event-details/1174782eacde9b0c
10,UFC Fight Night: Holm vs. Bueno Silva,"Las Vegas, Nevada, USA","July 15, 2023",http://www.ufcstats.com/event-details/c9885b1b7c7055a0
11,UFC 290: Volkanovski vs. Rodriguez,"Las Vegas, Nevada, USA","July 08, 2023",http://www.ufcstats.com/event-details/6085ceb59087514b
12,UFC Fight Night: Strickland vs. Magomedov,"Las Vegas, Nevada, USA","July 01, 2023",http://www.ufcstats.com/event-details/e9e1acc96536bb4f
13,UFC Fight Night: Emmett vs. Topuria,"Jacksonville, Florida, USA","June 24, 2023",http://www.ufcstats.com/event-details/a780d16cf7eed44d
14,UFC Fight Night: Vettori vs. Cannonier,"Las Vegas, Nevada, USA","June 17, 2023",http://www.ufcstats.com/event-details/b9415726dc3ec526
15,UFC 289: Nunes vs. Aldana,"Vancouver, British Columbia, Canada","June 10, 2023",http://www.ufcstats.com/event-details/b6c6d1731ff00eeb
16,UFC Fight Night: Kara-France vs. Albazi,"Las Vegas, Nevada, USA","June 03, 2023",http://www.ufcstats.com/event-details/7abe471b61725980
17,UFC Fight Night: Dern vs. Hill,"Las Vegas, Nevada, USA","May 20, 2023",http://www.ufcstats.com/event-details/6f812143641ceff8
18,UFC Fight Night: Rozenstruik vs. Almeida,"Charlotte, North Carolina, USA","May 13, 2023",http://www.ufcstats.com/event-details/901cddcbfa079097
19,UFC 288: Sterling vs. Cejudo,"Newark, New Jersey, USA","May 06, 2023",http://www.ufcstats.com/event-details/3c6976f8182d9527
20,UFC Fight Night: Song vs. Simon,"Las Vegas, Nevada, USA","April 29, 2023",http://www.ufcstats.com/event-details/51b1e2fd9872005b
21,UFC Fight Night: Pavlovich vs. Blaydes,"Las Vegas, Nevada, USA","April 22, 2023",http://www.ufcstats.com/event-details/6fb1ba67bef41b37
22,UFC Fight Night: Holloway vs. Allen,"Kansas City, Missouri, USA","April 15, 2023",http://www.ufcstats.com/event-details/15b1b21cd743d652
23,UFC 287: Pereira vs. Adesanya 2,"Miami, Florida, USA","April 08, 2023",http://www.ufcstats.com/event-details/3dc3022232b79c7a
24,UFC Fight Night: Vera vs. Sandhagen,"San Antonio, Texas, USA","March 25, 2023",http://www.ufcstats.com/event-details/aec273fcb765330d
25,UFC 286: Edwards vs. Usman 3,"London, England, United Kingdom","March 18, 2023",http://www.ufcstats.com/event-details/e4bb7e483c4ad318
26,UFC Fight Night: Yan vs. Dvalishvili,"Las Vegas, Nevada, USA","March 11, 2023",http://www.ufcstats.com/event-details/35080a7f406f9ab3
27,UFC 285: Jones vs. Gane,"Las Vegas, Nevada, USA","March 04, 2023",http://www.ufcstats.com/event-details/1ccff7f0cfdf85eb
28,UFC Fight Night: Muniz vs. Allen,"Las Vegas, Nevada, USA","February 25, 2023",http://www.ufcstats.com/event-details/806975e1b4f47b27
29,UFC Fight Night: Andrade vs. Blanchfield,"Las Vegas, Nevada, USA","February 18, 2023",http://www.ufcstats.com/event-details/f21a3d68fb9df387
30,UFC 284: Makhachev vs. Volkanovski,"Perth, Western Australia, Australia","February 11, 2023",http://www.ufcstats.com/event-details/01dd4cdc2446f665
31,UFC Fight Night: Lewis vs. Spivac,"Las Vegas, Nevada, USA","February 04, 2023",http://www.ufcstats.com/event-details/d26394fc0e8e880a
32,UFC 283: Teixeira vs. Hill,"Rio de Janeiro, Rio de Janeiro, Brazil","January 21, 2023",http://www.ufcstats.com/event-details/5717efc6f271cd52
33,UFC Fight Night: Strickland vs. Imavov,"Las Vegas, Nevada, USA","January 14, 2023",http://www.ufcstats.com/event-details/2e2cdb6e9eb84bb9
34,UFC Fight Night: Cannonier vs. Strickland,"Las Vegas, Nevada, USA","December 17, 2022",http://www.ufcstats.com/event-details/56ec58954158966a
35,UFC 282: Blachowicz vs. Ankalaev,"Las Vegas, Nevada, USA","December 10, 2022",http://www.ufcstats.com/event-details/f65a0eb902f9476b
36,UFC Fight Night: Thompson vs. Holland,"Orlando, Florida, USA","December 03, 2022",http://www.ufcstats.com/event-details/b23388ff8ac6637b
37,UFC Fight Night: Nzechukwu vs. Cutelaba,"Las Vegas, Nevada, USA","November 19, 2022",http://www.ufcstats.com/event-details/012fc7cd0779c09a
38,UFC 281: Adesanya vs. Pereira,"New York City, New York, USA","November 12, 2022",http://www.ufcstats.com/event-details/b3b6e80b7d5f8f0d
39,UFC Fight Night: Rodriguez vs. Lemos,"Las Vegas, Nevada, USA","November 05, 2022",http://www.ufcstats.com/event-details/756f45905fb20cb5
40,UFC Fight Night: Kattar vs. Allen,"Las Vegas, Nevada, USA","October 29, 2022",http://www.ufcstats.com/event-details/be5aab761c40ef35
41,UFC 280: Oliveira vs. Makhachev,"Abu Dhabi, Abu Dhabi, United Arab Emirates","October 22, 2022",http://www.ufcstats.com/event-details/885e7f70dcac0007
42,UFC Fight Night: Grasso vs. Araujo,"Las Vegas, Nevada, USA","October 15, 2022",http://www.ufcstats.com/event-details/49c29e57d4e2be6f
43,UFC Fight Night: Dern vs. Yan,"Las Vegas, Nevada, USA","October 01, 2022",http://www.ufcstats.com/event-details/4f670b7972fa0a2e
44,UFC Fight Night: Sandhagen vs. Song,"Las Vegas, Nevada, USA","September 17, 2022",http://www.ufcstats.com/event-details/8d477c3fbe001f9d
45,UFC 279: Diaz vs. Ferguson,"Las Vegas, Nevada, USA","September 10, 2022",http://www.ufcstats.com/event-details/93bf96be327fcd98
46,UFC Fight Night: Gane vs. Tuivasa,"Paris, Ile-de-France, France","September 03, 2022",http://www.ufcstats.com/event-details/00a905a4a4a2b071
47,UFC 278: Usman vs. Edwards,"Salt Lake City, Utah, USA","August 20, 2022",http://www.ufcstats.com/event-details/4f853e98886283cf
48,UFC Fight Night: Vera vs. Cruz,"San Diego, California, USA","August 13, 2022",http://www.ufcstats.com/event-details/a23e63184c65f5b8
49,UFC Fight Night: Santos vs. Hill,"Las Vegas, Nevada, USA","August 06, 2022",http://www.ufcstats.com/event-details/8f6a18831a120817
50,UFC 277: Pena vs. Nunes 2,"Dallas, Texas, USA","July 30, 2022",http://www.ufcstats.com/event-details/b0a6124751a56bc4
51,UFC Fight Night: Blaydes vs. Aspinall,"London, England, United Kingdom","July 23, 2022",http://www.ufcstats.com/event-details/319c15b8aac5bfde
52,UFC Fight Night: Ortega vs. Rodriguez,"Elmont, New York, USA","July 16, 2022",http://www.ufcstats.com/event-details/8fd76e1b49c00ae2
53,UFC Fight Night: Dos Anjos vs. Fiziev,"Las Vegas, Nevada, USA","July 09, 2022",http://www.ufcstats.com/event-details/31da66df48c0c1a0
54,UFC 276: Adesanya vs. Cannonier,"Las Vegas, Nevada, USA","July 02, 2022",http://www.ufcstats.com/event-details/4a9e305633f3ef47
55,UFC Fight Night: Tsarukyan vs. Gamrot,"Las Vegas, Nevada, USA","June 25, 2022",http://www.ufcstats.com/event-details/eb42d4febfafefd1
56,UFC Fight Night: Kattar vs. Emmett,"Austin, Texas, USA","June 18, 2022",http://www.ufcstats.com/event-details/a0a680fe2f6cc8e6
57,UFC 275: Teixeira vs. Prochazka,"Kallang, Singapore","June 11, 2022",http://www.ufcstats.com/event-details/3a24769a4855040a
58,UFC Fight Night: Volkov vs. Rozenstruik,"Las Vegas, Nevada, USA","June 04, 2022",http://www.ufcstats.com/event-details/57591bbf1623574e
59,UFC Fight Night: Holm vs. Vieira,"Las Vegas, Nevada, USA","May 21, 2022",http://www.ufcstats.com/event-details/a6c32678efd4f434
60,UFC Fight Night: Blachowicz vs. Rakic,"Las Vegas, Nevada, USA","May 14, 2022",http://www.ufcstats.com/event-details/60ba33c3f555a7a3
61,UFC 274: Oliveira vs. Gaethje,"Phoenix, Arizona, USA","May 07, 2022",http://www.ufcstats.com/event-details/253d3f9e97ca149a
62,UFC Fight Night: Font vs. Vera,"Las Vegas, Nevada, USA","April 30, 2022",http://www.ufcstats.com/event-details/6bf5a7d3e081ade2
63,UFC Fight Night: Lemos vs. Andrade,"Las Vegas, Nevada, USA","April 23, 2022",http://www.ufcstats.com/event-details/236a37d96d476164
64,UFC Fight Night: Luque vs. Muhammad,"Las Vegas, Nevada, USA","April 16, 2022",http://www.ufcstats.com/event-details/8753e125f4499816
65,UFC 273: Volkanovski vs. The Korean Zombie,"Jacksonville, Florida, USA","April 09, 2022",http://www.ufcstats.com/event-details/3a97fda0de6f1fa4
66,UFC Fight Night: Blaydes vs. Daukaus,"Columbus, Ohio, USA","March 26, 2022",http://www.ufcstats.com/event-details/1fac46d466abd5b8
67,UFC Fight Night: Volkov vs. Aspinall,"London, England, United Kingdom","March 19, 2022",http://www.ufcstats.com/event-details/1d00756835ca67c9
68,UFC Fight Night: Santos vs. Ankalaev,"Las Vegas, Nevada, USA","March 12, 2022",http://www.ufcstats.com/event-details/1f9344211ca7fd60
69,UFC 272: Covington vs. Masvidal,"Las Vegas, Nevada, USA","March 05, 2022",http://www.ufcstats.com/event-details/75e0d3cc2262b732
70,UFC Fight Night: Makhachev vs. Green,"Las Vegas, Nevada, USA","February 26, 2022",http://www.ufcstats.com/event-details/f6a7b02c42e9fc5b
71,UFC Fight Night: Walker vs. Hill,"Las Vegas, Nevada, USA","February 19, 2022",http://www.ufcstats.com/event-details/77940e45bc86208e
72,UFC 271: Adesanya vs. Whittaker 2,"Houston, Texas, USA","February 12, 2022",http://www.ufcstats.com/event-details/cbb682f5fcc44bfc
73,UFC Fight Night: Hermansson vs. Strickland,"Las Vegas, Nevada, USA","February 05, 2022",http://www.ufcstats.com/event-details/883922e5cd6d8473
74,UFC 270: Ngannou vs. Gane,"Anaheim, California, USA","January 22, 2022",http://www.ufcstats.com/event-details/335ad945324c3a2e
75,UFC Fight Night: Kattar vs. Chikadze,"Las Vegas, Nevada, USA","January 15, 2022",http://www.ufcstats.com/event-details/f5585e675af7afd4
76,UFC Fight Night: Lewis vs. Daukaus,"Las Vegas, Nevada, USA","December 18, 2021",http://www.ufcstats.com/event-details/2a470ad41c22c25a
77,UFC 269: Oliveira vs. Poirier,"Las Vegas, Nevada, USA","December 11, 2021",http://www.ufcstats.com/event-details/ef927e4fe2117ab8
78,UFC Fight Night: Font vs. Aldo,"Las Vegas, Nevada, USA","December 04, 2021",http://www.ufcstats.com/event-details/509697e08673d2e5
79,UFC Fight Night: Vieira vs. Tate,"Las Vegas, Nevada, USA","November 20, 2021",http://www.ufcstats.com/event-details/c95fbc085e17a532
80,UFC Fight Night: Holloway vs. Rodriguez,"Las Vegas, Nevada, USA","November 13, 2021",http://www.ufcstats.com/event-details/b5abaa65f87938eb
81,UFC 268: Usman vs. Covington 2,"New York City, New York, USA","November 06, 2021",http://www.ufcstats.com/event-details/48e093ea1f43a053
82,UFC 267: Blachowicz vs. Teixeira,"Abu Dhabi, Abu Dhabi, United Arab Emirates","October 30, 2021",http://www.ufcstats.com/event-details/3974fa35c917af1d
83,UFC Fight Night: Costa vs. Vettori,"Las Vegas, Nevada, USA","October 23, 2021",http://www.ufcstats.com/event-details/8a9c6c4301f6d088
84,UFC Fight Night: Ladd vs. Dumont,"Las Vegas, Nevada, USA","October 16, 2021",http://www.ufcstats.com/event-details/8f4616698508f24d
85,UFC Fight Night: Dern vs. Rodriguez,"Las Vegas, Nevada, USA","October 09, 2021",http://www.ufcstats.com/event-details/d247691a6c0e9034
86,UFC Fight Night: Santos vs. Walker,"Las Vegas, Nevada, USA","October 02, 2021",http://www.ufcstats.com/event-details/e15d0a2519d6a0b5
87,UFC 266: Volkanovski vs. Ortega,"Las Vegas, Nevada, USA","September 25, 2021",http://www.ufcstats.com/event-details/0eec866a077889f0
88,UFC Fight Night: Smith vs. Spann,"Las Vegas, Nevada, USA","September 18, 2021",http://www.ufcstats.com/event-details/4c27ca8c8481f79a
89,UFC Fight Night: Brunson vs. Till,"Las Vegas, Nevada, USA","September 04, 2021",http://www.ufcstats.com/event-details/b9532d815060de7f
90,UFC Fight Night: Barboza vs. Chikadze,"Las Vegas, Nevada, USA","August 28, 2021",http://www.ufcstats.com/event-details/0db9d2486d564a3c
91,UFC Fight Night: Cannonier vs. Gastelum,"Las Vegas, Nevada, USA","August 21, 2021",http://www.ufcstats.com/event-details/2f13e4020cea5b38
92,UFC 265: Lewis vs. Gane,"Houston, Texas, USA","August 07, 2021",http://www.ufcstats.com/event-details/972197a8c61ac413
93,UFC Fight Night: Hall vs. Strickland,"Las Vegas, Nevada, USA","July 31, 2021",http://www.ufcstats.com/event-details/320edfb0332b7073
94,UFC Fight Night: Sandhagen vs. Dillashaw,"Las Vegas, Nevada, USA","July 24, 2021",http://www.ufcstats.com/event-details/e57f0b06ea39e360
95,UFC Fight Night: Makhachev vs. Moises,"Las Vegas, Nevada, USA","July 17, 2021",http://www.ufcstats.com/event-details/40389d39a92f5bfa
96,UFC 264: Poirier vs. McGregor 3,"Las Vegas, Nevada, USA","July 10, 2021",http://www.ufcstats.com/event-details/8a0be41c0380188d
97,UFC Fight Night: Gane vs. Volkov,"Las Vegas, Nevada, USA","June 26, 2021",http://www.ufcstats.com/event-details/a1d6b308781aa2f5
98,UFC Fight Night: Jung vs. Ige,"Las Vegas, Nevada, USA","June 19, 2021",http://www.ufcstats.com/event-details/9ddfb3369a3b0394
99,UFC 263: Adesanya vs. Vettori 2,"Glendale, Arizona, USA","June 12, 2021",http://www.ufcstats.com/event-details/0b64d0fed453ef7f
100,UFC Fight Night: Rozenstruik vs. Sakai,"Las Vegas, Nevada, USA","June 05, 2021",http://www.ufcstats.com/event-details/3b2485c8d5c8b580
101,UFC Fight Night: Font vs. Garbrandt,"Las Vegas, Nevada, USA","May 22, 2021",http://www.ufcstats.com/event-details/277ffed20cf07aea
102,UFC 262: Oliveira vs. Chandler,"Houston, Texas, USA","May 15, 2021",http://www.ufcstats.com/event-details/744f50016c39c26c
103,UFC Fight Night: Rodriguez vs. Waterson,"Las Vegas, Nevada, USA","May 08, 2021",http://www.ufcstats.com/event-details/58a36b4ccf5dc30e
104,UFC Fight Night: Reyes vs. Prochazka,"Las Vegas, Nevada, USA","May 01, 2021",http://www.ufcstats.com/event-details/d57e6a8971b6d2bd
105,UFC 261: Usman vs. Masvidal 2,"Jacksonville, Florida, USA","April 24, 2021",http://www.ufcstats.com/event-details/27541033b97c076d
106,UFC Fight Night: Whittaker vs. Gastelum,"Las Vegas, Nevada, USA","April 17, 2021",http://www.ufcstats.com/event-details/4a35913bd9aa4161
107,UFC Fight Night: Vettori vs. Holland,"Las Vegas, Nevada, USA","April 10, 2021",http://www.ufcstats.com/event-details/9114c8ded5ccd71d
108,UFC 260: Miocic vs. Ngannou,"Las Vegas, Nevada, USA","March 27, 2021",http://www.ufcstats.com/event-details/6597b611f1c32555
109,UFC Fight Night: Brunson vs. Holland,"Las Vegas, Nevada, USA","March 20, 2021",http://www.ufcstats.com/event-details/c36e1f4fa755ffb4
110,UFC Fight Night: Edwards vs. Muhammad,"Las Vegas, Nevada, USA","March 13, 2021",http://www.ufcstats.com/event-details/8c90c1563972e44d
111,UFC 259: Blachowicz vs. Adesanya,"Las Vegas, Nevada, USA","March 06, 2021",http://www.ufcstats.com/event-details/6e2b1d631832921d
112,UFC Fight Night: Rozenstruik vs. Gane,"Las Vegas, Nevada, USA","February 27, 2021",http://www.ufcstats.com/event-details/81b57acd6975ac06
113,UFC Fight Night: Blaydes vs. Lewis,"Las Vegas, Nevada, USA","February 20, 2021",http://www.ufcstats.com/event-details/bfe95ec546692b13
114,UFC 258: Usman vs. Burns,"Las Vegas, Nevada, USA","February 13, 2021",http://www.ufcstats.com/event-details/3f7c14c7eca7195d
115,UFC Fight Night: Overeem vs. Volkov,"Las Vegas, Nevada, USA","February 06, 2021",http://www.ufcstats.com/event-details/a1153013cb5f628f
116,UFC 257: Poirier vs. McGregor,"Abu Dhabi, Abu Dhabi, United Arab Emirates","January 23, 2021",http://www.ufcstats.com/event-details/4304992c2acc187b
117,UFC Fight Night: Chiesa vs. Magny,"Abu Dhabi, Abu Dhabi, United Arab Emirates","January 20, 2021",http://www.ufcstats.com/event-details/56116537d71a578c
118,UFC Fight Night: Holloway vs. Kattar,"Abu Dhabi, Abu Dhabi, United Arab Emirates","January 16, 2021",http://www.ufcstats.com/event-details/307064d3e0f036c2
119,UFC Fight Night: Thompson vs. Neal,"Las Vegas, Nevada, USA","December 19, 2020",http://www.ufcstats.com/event-details/e49c2db95e572dc8
120,UFC 256: Figueiredo vs. Moreno,"Las Vegas, Nevada, USA","December 12, 2020",http://www.ufcstats.com/event-details/d0d43cb9b14f231c
121,UFC Fight Night: Hermansson vs. Vettori,"Las Vegas, Nevada, USA","December 05, 2020",http://www.ufcstats.com/event-details/398b440e73d55b8b
122,UFC Fight Night: Smith vs. Clark,"Las Vegas, Nevada, USA","November 28, 2020",http://www.ufcstats.com/event-details/992c82450d96f726
123,UFC 255: Figueiredo vs. Perez,"Las Vegas, Nevada, USA","November 21, 2020",http://www.ufcstats.com/event-details/bbb15f301e4a490a
124,UFC Fight Night: Felder vs. Dos Anjos,"Las Vegas, Nevada, USA","November 14, 2020",http://www.ufcstats.com/event-details/3bc27ec15facbcf3
125,UFC Fight Night: Santos vs. Teixeira,"Las Vegas, Nevada, USA","November 07, 2020",http://www.ufcstats.com/event-details/41dca66f9dadfc86
126,UFC Fight Night: Hall vs. Silva,"Las Vegas, Nevada, USA","October 31, 2020",http://www.ufcstats.com/event-details/ad044be25c94dcfd
127,UFC 254: Khabib vs. Gaethje,"Abu Dhabi, Abu Dhabi, United Arab Emirates","October 24, 2020",http://www.ufcstats.com/event-details/c3c38c86f5ab9b5c
128,UFC Fight Night: Ortega vs. The Korean Zombie,"Abu Dhabi, Abu Dhabi, United Arab Emirates","October 17, 2020",http://www.ufcstats.com/event-details/d4f364dd076bb0e2
129,UFC Fight Night: Moraes vs. Sandhagen,"Abu Dhabi, Abu Dhabi, United Arab Emirates","October 10, 2020",http://www.ufcstats.com/event-details/fd4578cac86d75ca
130,UFC Fight Night: Holm vs. Aldana,"Abu Dhabi, Abu Dhabi, United Arab Emirates","October 03, 2020",http://www.ufcstats.com/event-details/805ad1801eb26abb
131,UFC 253: Adesanya vs. Costa,"Abu Dhabi, Abu Dhabi, United Arab Emirates","September 26, 2020",http://www.ufcstats.com/event-details/e69c5ce12f4e762b
132,UFC Fight Night: Covington vs. Woodley,"Las Vegas, Nevada, USA","September 19, 2020",http://www.ufcstats.com/event-details/831b937811804dad
133,UFC Fight Night: Waterson vs. Hill,"Las Vegas, Nevada, USA","September 12, 2020",http://www.ufcstats.com/event-details/9c37681096c6f3a9
134,UFC Fight Night: Overeem vs. Sakai,"Las Vegas, Nevada, USA","September 05, 2020",http://www.ufcstats.com/event-details/542db012217ecb83
135,UFC Fight Night: Smith vs. Rakic,"Las Vegas, Nevada, USA","August 29, 2020",http://www.ufcstats.com/event-details/e29cf523ebd155c5
136,UFC Fight Night: Munhoz vs. Edgar,"Las Vegas, Nevada, USA","August 22, 2020",http://www.ufcstats.com/event-details/af1e5c64b8663aa0
137,UFC 252: Miocic vs. Cormier 3,"Las Vegas, Nevada, USA","August 15, 2020",http://www.ufcstats.com/event-details/bda04c573563cc2e
138,UFC Fight Night: Lewis vs. Oleinik,"Las Vegas, Nevada, USA","August 08, 2020",http://www.ufcstats.com/event-details/7a82635ffa9b59fe
139,UFC Fight Night: Brunson vs. Shahbazyan,"Las Vegas, Nevada, USA","August 01, 2020",http://www.ufcstats.com/event-details/3746e21bb508391a
140,UFC Fight Night: Whittaker vs. Till,"Abu Dhabi, Abu Dhabi, United Arab Emirates","July 25, 2020",http://www.ufcstats.com/event-details/dde70a112e053a6c
141,UFC Fight Night: Figueiredo vs. Benavidez 2,"Abu Dhabi, Abu Dhabi, United Arab Emirates","July 18, 2020",http://www.ufcstats.com/event-details/ddbd0d6259ce57cc
142,UFC Fight Night: Kattar vs. Ige,"Abu Dhabi, Abu Dhabi, United Arab Emirates","July 15, 2020",http://www.ufcstats.com/event-details/18f5669a92e99d92
143,UFC 251: Usman vs. Masvidal,"Abu Dhabi, Abu Dhabi, United Arab Emirates","July 11, 2020",http://www.ufcstats.com/event-details/dbd198f780286aca
144,UFC Fight Night: Poirier vs. Hooker,"Las Vegas, Nevada, USA","June 27, 2020",http://www.ufcstats.com/event-details/c32eab6c2119e989
145,UFC Fight Night: Blaydes vs. Volkov,"Las Vegas, Nevada, USA","June 20, 2020",http://www.ufcstats.com/event-details/2eab7a6c8b0ed8cc
146,UFC Fight Night: Eye vs. Calvillo,"Las Vegas, Nevada, USA","June 13, 2020",http://www.ufcstats.com/event-details/1e13936d708bcff7
147,UFC 250: Nunes vs. Spencer,"Las Vegas, Nevada, USA","June 06, 2020",http://www.ufcstats.com/event-details/4c12aa7ca246e7a4
148,UFC Fight Night: Woodley vs. Burns,"Las Vegas, Nevada, USA","May 30, 2020",http://www.ufcstats.com/event-details/14b9e0f2679a2205
149,UFC Fight Night: Overeem vs. Harris,"Jacksonville, Florida, USA","May 16, 2020",http://www.ufcstats.com/event-details/dfb965c9824425db
150,UFC Fight Night: Smith vs. Teixeira,"Jacksonville, Florida, USA","May 13, 2020",http://www.ufcstats.com/event-details/5f8e00c27b7e7410
151,UFC 249: Ferguson vs. Gaethje,"Jacksonville, Florida, USA","May 09, 2020",http://www.ufcstats.com/event-details/898337ef520fe4d3
152,UFC Fight Night: Lee vs. Oliveira,"Brasilia, Distrito Federal, Brazil","March 14, 2020",http://www.ufcstats.com/event-details/53278852bcd91e11
153,UFC 248: Adesanya vs. Romero,"Las Vegas, Nevada, USA","March 07, 2020",http://www.ufcstats.com/event-details/0b5b6876c2a4723f
154,UFC Fight Night: Benavidez vs. Figueiredo,"Norfolk, Virginia, USA","February 29, 2020",http://www.ufcstats.com/event-details/fc9a9559a05f2704
155,UFC Fight Night: Felder vs. Hooker,"Auckland, New Zealand","February 22, 2020",http://www.ufcstats.com/event-details/33b2f68ef95252e0
156,UFC Fight Night: Anderson vs. Blachowicz,"Rio Rancho, New Mexico, USA","February 15, 2020",http://www.ufcstats.com/event-details/5df17b3620145578
157,UFC 247: Jones vs. Reyes,"Houston, Texas, USA","February 08, 2020",http://www.ufcstats.com/event-details/b26d3e3746fb4024
158,UFC Fight Night: Blaydes vs. Dos Santos,"Raleigh, North Carolina, USA","January 25, 2020",http://www.ufcstats.com/event-details/44aa652b181bcf68
159,UFC 246: McGregor vs. Cowboy,"Las Vegas, Nevada, USA","January 18, 2020",http://www.ufcstats.com/event-details/0c1773639c795466
160,UFC Fight Night: Edgar vs. The Korean Zombie,"Busan, South Korea","December 21, 2019",http://www.ufcstats.com/event-details/74fefd43f073cd2f
161,UFC 245: Usman vs. Covington,"Las Vegas, Nevada, USA","December 14, 2019",http://www.ufcstats.com/event-details/4565d435005319c0
162,UFC Fight Night: Overeem vs. Rozenstruik,"Washington, DC, USA","December 07, 2019",http://www.ufcstats.com/event-details/b09890ba7ce1d1e2
163,UFC Fight Night: Blachowicz vs. Jacare,"Sao Paulo, Sao Paulo, Brazil","November 16, 2019",http://www.ufcstats.com/event-details/81ca2c245b19b3c5
164,UFC Fight Night: Zabit vs. Kattar,"Moscow, Moscow, Russia","November 09, 2019",http://www.ufcstats.com/event-details/8d5daf67983b65ba
165,UFC 244: Masvidal vs. Diaz,"New York City, New York, USA","November 02, 2019",http://www.ufcstats.com/event-details/fd87b1bbfcde9d5e
166,UFC Fight Night: Maia vs. Askren,"Kallang, Singapore","October 26, 2019",http://www.ufcstats.com/event-details/df05aa15b2d66f57
167,UFC Fight Night: Reyes vs. Weidman,"Boston, Massachusetts, USA","October 18, 2019",http://www.ufcstats.com/event-details/3ae10ac4df3df05c
168,UFC Fight Night: Joanna vs. Waterson,"Tampa, Florida, USA","October 12, 2019",http://www.ufcstats.com/event-details/0941df56f6ac954b
169,UFC 243: Whittaker vs. Adesanya,"Melbourne, Victoria, Australia","October 05, 2019",http://www.ufcstats.com/event-details/3cf68c1d17f66af7
170,UFC Fight Night: Hermansson vs. Cannonier,"Copenhagen, Denmark","September 28, 2019",http://www.ufcstats.com/event-details/1bf49bf829964144
171,UFC Fight Night: Rodriguez vs. Stephens,"Mexico City, Distrito Federal, Mexico","September 21, 2019",http://www.ufcstats.com/event-details/94a5aaf573f780ad
172,UFC Fight Night: Cowboy vs. Gaethje,"Vancouver, British Columbia, Canada","September 14, 2019",http://www.ufcstats.com/event-details/4834ff149dc9542a
173,UFC 242: Khabib vs. Poirier,"Abu Dhabi, Abu Dhabi, United Arab Emirates","September 07, 2019",http://www.ufcstats.com/event-details/a79bfbc01b2264d6
174,UFC Fight Night: Andrade vs. Zhang,"Shenzhen, Guangdong, China","August 31, 2019",http://www.ufcstats.com/event-details/2c104b7e59a72629
175,UFC 241: Cormier vs. Miocic 2,"Anaheim, California, USA","August 17, 2019",http://www.ufcstats.com/event-details/70167689d6a01793
176,UFC Fight Night: Shevchenko vs. Carmouche 2,"Montevideo, Uruguay","August 10, 2019",http://www.ufcstats.com/event-details/e5d03e4d966126bd
177,UFC Fight Night: Covington vs. Lawler,"Newark, New Jersey, USA","August 03, 2019",http://www.ufcstats.com/event-details/03da33a102d9a45f
178,UFC 240: Holloway vs. Edgar,"Edmonton, Alberta, Canada","July 27, 2019",http://www.ufcstats.com/event-details/abcf7e55a0a9ed89
179,UFC Fight Night: Dos Anjos vs. Edwards,"San Antonio, Texas, USA","July 20, 2019",http://www.ufcstats.com/event-details/9e0f28d1f639ad73
180,UFC Fight Night: De Randamie vs. Ladd,"Sacramento, California, USA","July 13, 2019",http://www.ufcstats.com/event-details/2f8f3c69522db931
181,UFC 239: Jones vs. Santos,"Las Vegas, Nevada, USA","July 06, 2019",http://www.ufcstats.com/event-details/6c9383ffab2725a5
182,UFC Fight Night: Ngannou vs. Dos Santos,"Minneapolis, Minnesota, USA","June 29, 2019",http://www.ufcstats.com/event-details/c0c1bc0766df4c00
183,UFC Fight Night: Moicano vs. The Korean Zombie,"Greenville, South Carolina, USA","June 22, 2019",http://www.ufcstats.com/event-details/b16a7e6a627e9789
184,UFC 238: Cejudo vs. Moraes,"Chicago, Illinois, USA","June 08, 2019",http://www.ufcstats.com/event-details/e31502e3f79d00c5
185,UFC Fight Night: Gustafsson vs. Smith,"Stockholm, Sweden","June 01, 2019",http://www.ufcstats.com/event-details/cbc071cb20ea59c7
186,UFC Fight Night: Dos Anjos vs. Lee,"Rochester, New York, USA","May 18, 2019",http://www.ufcstats.com/event-details/6b8f28da9a483049
187,UFC 237: Namajunas vs. Andrade,"Rio de Janeiro, Rio de Janeiro, Brazil","May 11, 2019",http://www.ufcstats.com/event-details/9de7c97e1c0d7927
188,UFC Fight Night: Iaquinta vs. Cowboy,"Ottawa, Ontario, Canada","May 04, 2019",http://www.ufcstats.com/event-details/351264d11286d09a
189,UFC Fight Night: Jacare vs. Hermansson,"Sunrise, Florida, USA","April 27, 2019",http://www.ufcstats.com/event-details/c912f676692c353a
190,UFC Fight Night: Overeem vs. Oleinik,"Saint Petersburg, Saint Petersburg, Russia","April 20, 2019",http://www.ufcstats.com/event-details/7dcf06c1967801c1
191,UFC 236: Holloway vs. Poirier 2,"Atlanta, Georgia, USA","April 13, 2019",http://www.ufcstats.com/event-details/b0550072e5f0afa7
192,UFC Fight Night: Barboza vs. Gaethje,"Philadelphia, Pennsylvania, USA","March 30, 2019",http://www.ufcstats.com/event-details/9649d75defe0dedb
193,UFC Fight Night: Thompson vs. Pettis,"Nashville, Tennessee, USA","March 23, 2019",http://www.ufcstats.com/event-details/487c170da059857d
194,UFC Fight Night: Till vs. Masvidal,"London, England, United Kingdom","March 16, 2019",http://www.ufcstats.com/event-details/80eacd4da0617c57
195,UFC Fight Night: Lewis vs. Dos Santos,"Wichita, Kansas, USA","March 09, 2019",http://www.ufcstats.com/event-details/e96d8538d3f9d0ed
196,UFC 235: Jones vs. Smith,"Las Vegas, Nevada, USA","March 02, 2019",http://www.ufcstats.com/event-details/2d5fbe2103f97053
197,UFC Fight Night: Blachowicz vs. Santos,"Prague, Czech Republic","February 23, 2019",http://www.ufcstats.com/event-details/6546af7ab545b90c
198,UFC Fight Night: Ngannou vs. Velasquez,"Phoenix, Arizona, USA","February 17, 2019",http://www.ufcstats.com/event-details/a7a79b8efbceaaac
199,UFC 234: Adesanya vs. Silva,"Melbourne, Victoria, Australia","February 09, 2019",http://www.ufcstats.com/event-details/b5882371e2a3900d
200,UFC Fight Night: Assuncao vs. Moraes 2,"Fortaleza, Ceara, Brazil","February 02, 2019",http://www.ufcstats.com/event-details/84283233ec42be5f
201,UFC Fight Night: Cejudo vs. Dillashaw,"Brooklyn, New York, USA","January 19, 2019",http://www.ufcstats.com/event-details/d4da8995fc91e7ef
202,UFC 232: Jones vs. Gustafsson 2,"Los Angeles, California, USA","December 29, 2018",http://www.ufcstats.com/event-details/c046100aea0dba9a
203,UFC Fight Night: Lee vs. Iaquinta,"Milwaukee, Wisconsin, USA","December 15, 2018",http://www.ufcstats.com/event-details/7a703c565ccaa18f
204,UFC 231: Holloway vs. Ortega,"Toronto, Ontario, Canada","December 08, 2018",http://www.ufcstats.com/event-details/2a74bbba57058f12
205,UFC Fight Night: Dos Santos vs. Tuivasa,"Adelaide, South Australia, Australia","December 01, 2018",http://www.ufcstats.com/event-details/d1d20e651e6cbc02
206,The Ultimate Fighter: Heavy Hitters Finale,"Las Vegas, Nevada, USA","November 30, 2018",http://www.ufcstats.com/event-details/c7ac79839e86ce33
207,UFC Fight Night: Blaydes vs. Ngannou 2,"Beijing, China","November 24, 2018",http://www.ufcstats.com/event-details/de25520d54eab12d
208,UFC Fight Night: Magny vs. Ponzinibbio,"Buenos Aires, Buenos Aires, Argentina","November 17, 2018",http://www.ufcstats.com/event-details/aa3153a9941b4d44
209,UFC Fight Night: Korean Zombie vs. Rodriguez,"Denver, Colorado, USA","November 10, 2018",http://www.ufcstats.com/event-details/42c96a9c4802e2e1
210,UFC 230: Cormier vs. Lewis,"New York City, New York, USA","November 03, 2018",http://www.ufcstats.com/event-details/20821819c401ced8
211,UFC Fight Night: Oezdemir vs. Smith,"Moncton, New Brunswick, Canada","October 27, 2018",http://www.ufcstats.com/event-details/33a331684283900f
212,UFC 229: Khabib vs. McGregor,"Las Vegas, Nevada, USA","October 06, 2018",http://www.ufcstats.com/event-details/1ef0eae31904e534
213,UFC Fight Night: Marreta vs. Anders,"Sao Paulo, Sao Paulo, Brazil","September 22, 2018",http://www.ufcstats.com/event-details/852454c572675334
214,UFC Fight Night: Hunt vs. Oleinik,"Moscow, Moscow, Russia","September 15, 2018",http://www.ufcstats.com/event-details/8d49545dadf9b919
215,UFC 228: Woodley vs. Till,"Dallas, Texas, USA","September 08, 2018",http://www.ufcstats.com/event-details/d5ae8074631762fc
216,UFC Fight Night: Gaethje vs. Vick,"Lincoln, Nebraska, USA","August 25, 2018",http://www.ufcstats.com/event-details/c0342805a1948cbb
217,UFC 227: Dillashaw vs. Garbrandt 2,"Los Angeles, California, USA","August 04, 2018",http://www.ufcstats.com/event-details/03b1e846b09f721d
218,UFC Fight Night: Alvarez vs. Poirier 2,"Calgary, Alberta, Canada","July 28, 2018",http://www.ufcstats.com/event-details/322a56923b396b4d
219,UFC Fight Night: Shogun vs. Smith,"Hamburg, Hamburg, Germany","July 22, 2018",http://www.ufcstats.com/event-details/4f732e58ed907eff
220,UFC Fight Night: Dos Santos vs. Ivanov,"Boise, Idaho, USA","July 14, 2018",http://www.ufcstats.com/event-details/b45d6b73f4ca4467
221,UFC 226: Miocic vs. Cormier,"Las Vegas, Nevada, USA","July 07, 2018",http://www.ufcstats.com/event-details/35585d970300d45a
222,The Ultimate Fighter: Undefeated Finale,"Las Vegas, Nevada, USA","July 06, 2018",http://www.ufcstats.com/event-details/8215e4fe24e8e81b
223,UFC Fight Night: Cowboy vs. Edwards,"Kallang, Singapore","June 23, 2018",http://www.ufcstats.com/event-details/ac5f67109accb482
224,UFC 225: Whittaker vs. Romero 2,"Chicago, Illinois, USA","June 09, 2018",http://www.ufcstats.com/event-details/2eae41f61776c60f
225,UFC Fight Night: Rivera vs. Moraes,"Utica, New York, USA","June 01, 2018",http://www.ufcstats.com/event-details/d29b5c4f22c6357d
226,UFC Fight Night: Thompson vs. Till,"Liverpool, England, United Kingdom","May 27, 2018",http://www.ufcstats.com/event-details/f5990c11974d8e9c
227,UFC Fight Night: Maia vs. Usman,"Santiago, Chile","May 19, 2018",http://www.ufcstats.com/event-details/3144121470023e9a
228,UFC 224: Nunes vs. Pennington,"Rio de Janeiro, Rio de Janeiro, Brazil","May 12, 2018",http://www.ufcstats.com/event-details/67ec58d7cf599835
229,UFC Fight Night: Barboza vs. Lee,"Atlantic City, New Jersey, USA","April 21, 2018",http://www.ufcstats.com/event-details/ad99fa5325519169
230,UFC Fight Night: Poirier vs. Gaethje,"Glendale, Arizona, USA","April 14, 2018",http://www.ufcstats.com/event-details/620be7e0712d431b
231,UFC 223: Khabib vs. Iaquinta,"Brooklyn, New York, USA","April 07, 2018",http://www.ufcstats.com/event-details/49e7e05f902479ca
232,UFC Fight Night: Werdum vs. Volkov,"London, England, United Kingdom","March 17, 2018",http://www.ufcstats.com/event-details/eed2b71d77d95416
233,UFC 222: Cyborg vs. Kunitskaya,"Las Vegas, Nevada, USA","March 03, 2018",http://www.ufcstats.com/event-details/7929be8290289a47
234,UFC Fight Night: Emmett vs. Stephens,"Orlando, Florida, USA","February 24, 2018",http://www.ufcstats.com/event-details/daa89f01e1c0f42a
235,UFC Fight Night: Cerrone vs. Medeiros,"Austin, Texas, USA","February 18, 2018",http://www.ufcstats.com/event-details/d181689653115b6a
236,UFC 221: Romero vs. Rockhold,"Perth, Western Australia, Australia","February 10, 2018",http://www.ufcstats.com/event-details/15515e797aedc137
237,UFC Fight Night: Machida vs. Anders,"Belem, Para, Brazil","February 03, 2018",http://www.ufcstats.com/event-details/7cf20446453f852b
238,UFC Fight Night: Jacare vs. Brunson 2,"Charlotte, North Carolina, USA","January 27, 2018",http://www.ufcstats.com/event-details/602bb270f2bdbf02
239,UFC 220: Miocic vs. Ngannou,"Boston, Massachusetts, USA","January 20, 2018",http://www.ufcstats.com/event-details/02177caefe7c07d4
240,UFC Fight Night: Stephens vs. Choi,"St. Louis, Missouri, USA","January 14, 2018",http://www.ufcstats.com/event-details/fc1868f56d3036eb
241,UFC 219: Cyborg vs. Holm,"Las Vegas, Nevada, USA","December 30, 2017",http://www.ufcstats.com/event-details/04076783ca83d6ae
242,UFC Fight Night: Lawler vs. Dos Anjos,"Winnipeg, Manitoba, Canada","December 16, 2017",http://www.ufcstats.com/event-details/eaa0a728cc91ef60
243,UFC Fight Night: Swanson vs. Ortega,"Fresno, California, USA","December 09, 2017",http://www.ufcstats.com/event-details/bcd124bcd3d5be46
244,UFC 218: Holloway vs. Aldo 2,"Detroit, Michigan, USA","December 02, 2017",http://www.ufcstats.com/event-details/9e30f69cc0869301
245,The Ultimate Fighter: A New World Champion Finale,"Las Vegas, Nevada, USA","December 01, 2017",http://www.ufcstats.com/event-details/30e8b4505f5ccf92
246,UFC Fight Night: Bisping vs. Gastelum,"Shanghai, Hebei, China","November 25, 2017",http://www.ufcstats.com/event-details/e7bc606d269896aa
247,UFC Fight Night: Werdum vs. Tybura,"Sydney, New South Wales, Australia","November 18, 2017",http://www.ufcstats.com/event-details/caced97768818230
248,UFC Fight Night: Poirier vs. Pettis,"Norfolk, Virginia, USA","November 11, 2017",http://www.ufcstats.com/event-details/d856a0080ac09ed7
249,UFC 217: Bisping vs. St-Pierre,"New York City, New York, USA","November 04, 2017",http://www.ufcstats.com/event-details/a25b71fe5e31fa97
250,UFC Fight Night: Brunson vs. Machida,"Sao Paulo, Sao Paulo, Brazil","October 28, 2017",http://www.ufcstats.com/event-details/a7724f51e32e763e
251,UFC Fight Night: Cerrone vs. Till,"Gdansk, Poland","October 21, 2017",http://www.ufcstats.com/event-details/d6b68eaf4b68b160
252,UFC 216: Ferguson vs. Lee,"Las Vegas, Nevada, USA","October 07, 2017",http://www.ufcstats.com/event-details/cc5834a495d1ea08
253,UFC Fight Night: Saint Preux vs. Okami,"Saitama, Saitama, Japan","September 22, 2017",http://www.ufcstats.com/event-details/9211aae062b799d6
254,UFC Fight Night: Rockhold vs. Branch,"Pittsburgh, Pennsylvania, USA","September 16, 2017",http://www.ufcstats.com/event-details/1979c80150f630c4
255,UFC 215: Nunes vs Shevchenko 2,"Edmonton, Alberta, Canada","September 09, 2017",http://www.ufcstats.com/event-details/d86e913c548c07c2
256,UFC Fight Night: Volkov vs. Struve,"Rotterdam, Zuid-Holland, Netherlands","September 02, 2017",http://www.ufcstats.com/event-details/a3244e3238541482
257,UFC Fight Night: Pettis vs. Moreno,"Mexico City, Distrito Federal, Mexico","August 05, 2017",http://www.ufcstats.com/event-details/f4a031ac205ac580
258,UFC 214: Cormier vs. Jones 2,"Anaheim, California, USA","July 29, 2017",http://www.ufcstats.com/event-details/ff9578cdbfabd323
259,UFC Fight Night: Weidman vs. Gastelum,"Uniondale, New York, USA","July 22, 2017",http://www.ufcstats.com/event-details/9f3d6ddef3d3cccc
260,UFC Fight Night: Nelson vs. Ponzinibbio,"Glasgow, Scotland, United Kingdom","July 16, 2017",http://www.ufcstats.com/event-details/d7907a9a968e4d29
261,UFC 213: Romero vs. Whittaker,"Las Vegas, Nevada, USA","July 08, 2017",http://www.ufcstats.com/event-details/686cccbf1a4de453
262,The Ultimate Fighter: Redemption Finale,"Las Vegas, Nevada, USA","July 07, 2017",http://www.ufcstats.com/event-details/23bd78c3f89bdb54
263,UFC Fight Night: Chiesa vs. Lee,"Oklahoma City, Oklahoma, USA","June 25, 2017",http://www.ufcstats.com/event-details/99bf06f20491cb54
264,UFC Fight Night: Holm vs. Correia,"Kallang, Singapore","June 17, 2017",http://www.ufcstats.com/event-details/353de740bb6c7e75
265,UFC Fight Night: Lewis vs. Hunt,"Auckland, New Zealand","June 10, 2017",http://www.ufcstats.com/event-details/90e7447d8b7f3f35
266,UFC 212: Aldo vs. Holloway,"Rio de Janeiro, Rio de Janeiro, Brazil","June 03, 2017",http://www.ufcstats.com/event-details/1507214bbc7a79e2
267,UFC Fight Night: Gustafsson vs. Teixeira,"Stockholm, Sweden","May 28, 2017",http://www.ufcstats.com/event-details/1c7cce2f5c17160d
268,UFC 211: Miocic vs. Dos Santos,"Dallas, Texas, USA","May 13, 2017",http://www.ufcstats.com/event-details/5df10509264586e5
269,UFC Fight Night: Swanson vs. Lobov,"Nashville, Tennessee, USA","April 22, 2017",http://www.ufcstats.com/event-details/bc7f7f0ba3db74d2
270,UFC on FOX: Johnson vs. Reis,"Kansas City, Missouri, USA","April 15, 2017",http://www.ufcstats.com/event-details/ed069a95aaaf4f56
271,UFC 210: Cormier vs. Johnson 2,"Buffalo, New York, USA","April 08, 2017",http://www.ufcstats.com/event-details/e7bfdb5e0112891e
272,UFC Fight Night: Manuwa vs. Anderson,"London, England, United Kingdom","March 18, 2017",http://www.ufcstats.com/event-details/c0231720fe516994
273,UFC Fight Night: Belfort vs. Gastelum,"Fortaleza, Ceara, Brazil","March 11, 2017",http://www.ufcstats.com/event-details/47b7e4e60813b7b2
274,UFC 209: Woodley vs. Thompson 2,"Las Vegas, Nevada, USA","March 04, 2017",http://www.ufcstats.com/event-details/20e403a1acfef130
275,UFC Fight Night: Lewis vs. Browne,"Halifax, Nova Scotia, Canada","February 19, 2017",http://www.ufcstats.com/event-details/b4ad3a06ee4d660c
276,UFC 208: Holm vs. De Randamie,"Brooklyn, New York, USA","February 11, 2017",http://www.ufcstats.com/event-details/865aa315ea62c511
277,UFC Fight Night: Bermudez vs. The Korean Zombie,"Houston, Texas, USA","February 04, 2017",http://www.ufcstats.com/event-details/6a8a06b542e1516d
278,UFC on FOX: Shevchenko vs. Pena,"Denver, Colorado, USA","January 28, 2017",http://www.ufcstats.com/event-details/4512e46543b960ad
279,UFC Fight Night: Rodriguez vs. Penn,"Phoenix, Arizona, USA","January 15, 2017",http://www.ufcstats.com/event-details/46effbd1135423c5
280,UFC 207: Nunes vs. Rousey,"Las Vegas, Nevada, USA","December 30, 2016",http://www.ufcstats.com/event-details/4b2390cfaceb91d8
281,UFC on FOX: VanZant vs. Waterson,"Sacramento, California, USA","December 17, 2016",http://www.ufcstats.com/event-details/32541eb5d12668b4
282,UFC 206: Holloway vs. Pettis,"Toronto, Ontario, Canada","December 10, 2016",http://www.ufcstats.com/event-details/6e3282d57d2467a0
283,UFC Fight Night: Lewis vs. Abdurakhimov,"Albany, New York, USA","December 09, 2016",http://www.ufcstats.com/event-details/7139cd2ae4bf6a29
284,The Ultimate Fighter: Tournament of Champions Finale,"Las Vegas, Nevada, USA","December 03, 2016",http://www.ufcstats.com/event-details/bd4389b71fdc0ce2
285,UFC Fight Night: Whittaker vs. Brunson,"Melbourne, Victoria, Australia","November 26, 2016",http://www.ufcstats.com/event-details/73e09f837f3b5ecc
286,UFC Fight Night: Bader vs. Nogueira,"Sao Paulo, Sao Paulo, Brazil","November 19, 2016",http://www.ufcstats.com/event-details/5cde96e0a1a1fffe
287,UFC Fight Night: Mousasi vs. Hall 2,"Belfast, Northern Ireland, United Kingdom","November 19, 2016",http://www.ufcstats.com/event-details/6810d8d2dd557cf9
288,UFC 205: Alvarez vs McGregor,"New York City, New York, USA","November 12, 2016",http://www.ufcstats.com/event-details/4956f60b7fa57c1a
289,UFC Fight Night: Dos Anjos vs. Ferguson,"Mexico City, Distrito Federal, Mexico","November 05, 2016",http://www.ufcstats.com/event-details/6083f497c22cc075
290,UFC 204: Bisping vs. Henderson,"Manchester, England, United Kingdom","October 08, 2016",http://www.ufcstats.com/event-details/154a6b3ffae264cd
291,UFC Fight Night: Lineker vs. Dodson,"Portland, Oregon, USA","October 01, 2016",http://www.ufcstats.com/event-details/a196332ee4aa8a82
292,UFC Fight Night: Cyborg vs. Lansberg,"Brasilia, Distrito Federal, Brazil","September 24, 2016",http://www.ufcstats.com/event-details/e18012194473e8b0
293,UFC Fight Night: Poirier vs. Johnson,"Hidalgo, Texas, USA","September 17, 2016",http://www.ufcstats.com/event-details/d6455cb4bee503ce
294,UFC 203: Miocic vs. Overeem,"Cleveland, Ohio, USA","September 10, 2016",http://www.ufcstats.com/event-details/2dc7f1762dc0a7ef
295,UFC Fight Night: Arlovski vs. Barnett,"Hamburg, Hamburg, Germany","September 03, 2016",http://www.ufcstats.com/event-details/2b4faacc16d66898
296,UFC on FOX: Maia vs. Condit,"Vancouver, British Columbia, Canada","August 27, 2016",http://www.ufcstats.com/event-details/cfbccfed4e4796fe
297,UFC 202: Diaz vs. McGregor 2,"Las Vegas, Nevada, USA","August 20, 2016",http://www.ufcstats.com/event-details/5da4e8dc02e50ac0
298,UFC Fight Night: Rodriguez vs. Caceres,"Salt Lake City, Utah, USA","August 06, 2016",http://www.ufcstats.com/event-details/232c582f29f8f65e
299,UFC 201: Lawler vs. Woodley,"Atlanta, Georgia, USA","July 30, 2016",http://www.ufcstats.com/event-details/72cbe507644a587c
300,UFC on FOX: Holm vs. Shevchenko,"Chicago, Illinois, USA","July 23, 2016",http://www.ufcstats.com/event-details/8a028648f3f0761d
301,UFC Fight Night: McDonald vs. Lineker,"Sioux Falls, South Dakota, USA","July 13, 2016",http://www.ufcstats.com/event-details/5e7a28f20927d64a
302,UFC 200: Tate vs Nunes,"Las Vegas, Nevada, USA","July 09, 2016",http://www.ufcstats.com/event-details/aa5b4eff51bdc7d1
303,The Ultimate Fighter: Team Joanna vs. Team Cláudia Finale,"Las Vegas, Nevada, USA","July 08, 2016",http://www.ufcstats.com/event-details/cd42bbe8887bba90
304,UFC Fight Night: Dos Anjos vs. Alvarez,"Las Vegas, Nevada, USA","July 07, 2016",http://www.ufcstats.com/event-details/45a2ba3ef82b9700
305,UFC Fight Night: MacDonald vs Thompson,"Ottawa, Ontario, Canada","June 18, 2016",http://www.ufcstats.com/event-details/563d051c9e769b24
306,UFC 199: Rockhold vs. Bisping 2,"Los Angeles, California, USA","June 04, 2016",http://www.ufcstats.com/event-details/ff4c3ab594c7fac3
307,UFC Fight Night: Almeida vs Garbrandt,"Las Vegas, Nevada, USA","May 29, 2016",http://www.ufcstats.com/event-details/990060b2a68a7b82
308,UFC 198: Werdum vs Miocic,"Curitiba, Parana, Brazil","May 14, 2016",http://www.ufcstats.com/event-details/a4bf17bd3ba3423b
309,UFC Fight Night: Overeem vs Arlovski,"Rotterdam, Zuid-Holland, Netherlands","May 08, 2016",http://www.ufcstats.com/event-details/a314687f372b2cec
310,UFC 197: Jones vs Saint Preux,"Las Vegas, Nevada, USA","April 23, 2016",http://www.ufcstats.com/event-details/3d481aa374c954a1
311,UFC on FOX: Teixeira vs Evans,"Tampa, Florida, USA","April 16, 2016",http://www.ufcstats.com/event-details/e7e970d508529bf3
312,UFC Fight Night: Rothwell vs Dos Santos,"Zagreb, Croatia","April 10, 2016",http://www.ufcstats.com/event-details/4887e5bc4dbb73ff
313,UFC Fight Night: Hunt vs Mir,"Brisbane, Queensland, Australia","March 19, 2016",http://www.ufcstats.com/event-details/e60201cfab7d656d
314,UFC 196: McGregor vs Diaz,"Las Vegas, Nevada, USA","March 05, 2016",http://www.ufcstats.com/event-details/db1f2ed63b54b9a7
315,UFC Fight Night: Silva vs Bisping,"London, England, United Kingdom","February 27, 2016",http://www.ufcstats.com/event-details/39c568f8c579913e
316,UFC Fight Night: Cowboy vs Cowboy,"Pittsburgh, Pennsylvania, USA","February 21, 2016",http://www.ufcstats.com/event-details/d56bb6dff2ae77eb
317,UFC Fight Night: Hendricks vs Thompson,"Las Vegas, Nevada, USA","February 06, 2016",http://www.ufcstats.com/event-details/de99da2c0d18d34a
318,UFC on FOX: Johnson vs. Bader,"Newark, New Jersey, USA","January 30, 2016",http://www.ufcstats.com/event-details/b3fb8d2293e17a59
319,UFC Fight Night: Dillashaw vs Cruz,"Boston, Massachusetts, USA","January 17, 2016",http://www.ufcstats.com/event-details/c6becb722706c7d8
320,UFC 195: Lawler vs Condit,"Las Vegas, Nevada, USA","January 02, 2016",http://www.ufcstats.com/event-details/380e8b023290d091
321,UFC on FOX: Dos Anjos vs. Cowboy 2,"Orlando, Florida, USA","December 19, 2015",http://www.ufcstats.com/event-details/80d918336163b80c
322,UFC 194: Aldo vs McGregor,"Las Vegas, Nevada, USA","December 12, 2015",http://www.ufcstats.com/event-details/354808cf38d9d73c
323,The Ultimate Fighter: Team McGregor vs. Team Faber Finale,"Las Vegas, Nevada, USA","December 11, 2015",http://www.ufcstats.com/event-details/20fbff570c678e1c
324,UFC Fight Night: Namajunas vs. VanZant,"Las Vegas, Nevada, USA","December 10, 2015",http://www.ufcstats.com/event-details/dd39f1ca787a3d9d
325,UFC Fight Night: Henderson vs Masvidal,"Seoul, South Korea","November 28, 2015",http://www.ufcstats.com/event-details/4d636c3aa1105950
326,UFC Fight Night: Magny vs Gastelum,"Monterrey, Nuevo Leon, Mexico","November 21, 2015",http://www.ufcstats.com/event-details/243b07fc65ccbb16
327,UFC 193: Rousey vs Holm,"Melbourne, Victoria, Australia","November 14, 2015",http://www.ufcstats.com/event-details/8d04923f2db59b7f
328,UFC Fight Night: Belfort vs Henderson 3,"Sao Paulo, Sao Paulo, Brazil","November 07, 2015",http://www.ufcstats.com/event-details/5345f86680378fc1
329,UFC Fight Night: Holohan vs Smolka,"Dublin, Leinster, Ireland","October 24, 2015",http://www.ufcstats.com/event-details/f3155a94ca420126
330,UFC 192: Cormier vs Gustafsson,"Houston, Texas, USA","October 03, 2015",http://www.ufcstats.com/event-details/119ebea97e914dcf
331,UFC Fight Night: Barnett vs Nelson,"Saitama, Japan","September 26, 2015",http://www.ufcstats.com/event-details/a4dd5c9a75763295
332,UFC 191: Johnson vs Dodson 2,"Las Vegas, Nevada, USA","September 05, 2015",http://www.ufcstats.com/event-details/82f5c81f4e3c3eb5
333,UFC Fight Night: Holloway vs Oliveira,"Saskatoon, Saskatchewan, Canada","August 23, 2015",http://www.ufcstats.com/event-details/2ce6541127b0e232
334,UFC Fight Night: Teixeira vs Saint Preux,"Nashville, Tennessee, USA","August 08, 2015",http://www.ufcstats.com/event-details/b71667c778b6d9e5
335,UFC 190: Rousey vs Correia,"Rio de Janeiro, Rio de Janeiro, Brazil","August 01, 2015",http://www.ufcstats.com/event-details/a9c45a8b21eabadc
336,UFC on FOX: Dillashaw vs. Barao II,"Chicago, Illinois, USA","July 25, 2015",http://www.ufcstats.com/event-details/0c3838c8f7c620c2
337,UFC Fight Night: Bisping vs Leites,"Glasgow, Scotland, United Kingdom","July 18, 2015",http://www.ufcstats.com/event-details/ef7fa30364cbe7f2
338,UFC Fight Night: Mir vs Duffee,"San Diego, California, USA","July 15, 2015",http://www.ufcstats.com/event-details/36877f0e62b25b96
339,The Ultimate Fighter: American Top Team vs. Blackzilians Finale,"Las Vegas, Nevada, USA","July 12, 2015",http://www.ufcstats.com/event-details/a890f9a791ed615d
340,UFC 189: Mendes vs McGregor,"Las Vegas, Nevada, USA","July 11, 2015",http://www.ufcstats.com/event-details/3be081c29bf734d9
341,UFC Fight Night: Machida vs Romero,"Hollywood, Florida, USA","June 27, 2015",http://www.ufcstats.com/event-details/86e388ed20761ad9
342,UFC Fight Night: Jedrzejczyk vs Penne,"Berlin, Berlin, Germany","June 20, 2015",http://www.ufcstats.com/event-details/194fc025f9355db6
343,UFC 188: Velasquez vs Werdum,"Mexico City, Distrito Federal, Mexico","June 13, 2015",http://www.ufcstats.com/event-details/a58114c6dd0add64
344,UFC Fight Night: Boetsch vs Henderson,"New Orleans, Louisiana, USA","June 06, 2015",http://www.ufcstats.com/event-details/06dc1a58663579d2
345,UFC Fight Night: Condit vs Alves,"Goiania, Goias, Brazil","May 30, 2015",http://www.ufcstats.com/event-details/aae0897825336b1a
346,UFC 187: Johnson vs Cormier,"Las Vegas, Nevada, USA","May 23, 2015",http://www.ufcstats.com/event-details/4f7e290e71d60f87
347,UFC Fight Night: Edgar vs Faber,"Manila, Philippines","May 16, 2015",http://www.ufcstats.com/event-details/b1605ea39fba6af6
348,UFC Fight Night: Miocic vs Hunt,"Adelaide, South Australia, Australia","May 09, 2015",http://www.ufcstats.com/event-details/8a1b4330c7957961
349,UFC 186: Johnson vs Horiguchi,"Montreal, Quebec, Canada","April 25, 2015",http://www.ufcstats.com/event-details/997b4f52f76a0b53
350,UFC on FOX: Machida vs Rockhold,"Newark, New Jersey, USA","April 18, 2015",http://www.ufcstats.com/event-details/bc7cf284c1c2f16e
351,UFC Fight Night: Gonzaga vs Cro Cop 2,"Krakow, Poland","April 11, 2015",http://www.ufcstats.com/event-details/5de61b03868035ff
352,UFC Fight Night: Mendes vs Lamas,"Fairfax, Virginia, USA","April 04, 2015",http://www.ufcstats.com/event-details/16d09e800ad7ec79
353,UFC Fight Night: Maia vs LaFlare,"Rio de Janeiro, Brazil","March 21, 2015",http://www.ufcstats.com/event-details/fa534853eb195270
354,UFC 185: Pettis vs Dos Anjos,"Dallas, Texas, USA","March 14, 2015",http://www.ufcstats.com/event-details/f54200f1dfb9b5d4
355,UFC 184: Rousey vs Zingano,"Los Angeles, California, USA","February 28, 2015",http://www.ufcstats.com/event-details/ad4e9055bf8cd04d
356,UFC Fight Night: Bigfoot vs Mir,"Porto Alegre, Rio Grande do Sul, Brazil","February 22, 2015",http://www.ufcstats.com/event-details/0577808d22dfe79c
357,UFC Fight Night: Henderson vs Thatch,"Broomfield, Colorado, USA","February 14, 2015",http://www.ufcstats.com/event-details/f9c7fe2682af3802
358,UFC 183: Silva vs Diaz,"Las Vegas, Nevada, USA","January 31, 2015",http://www.ufcstats.com/event-details/43563a32c3f10e95
359,UFC on FOX: Gustafsson vs Johnson,"Stockholm, Sweden","January 24, 2015",http://www.ufcstats.com/event-details/706404da0775dcbc
360,UFC Fight Night: McGregor vs Siver,"Boston, Massachusetts, USA","January 18, 2015",http://www.ufcstats.com/event-details/f9aa6376ae16bfb4
361,UFC 182: Jones vs Cormier,"Las Vegas, Nevada, USA","January 03, 2015",http://www.ufcstats.com/event-details/a72d260b436924c4
362,UFC Fight Night: Machida vs Dollaway,"Barueri, Sao Paulo, Brazil","December 20, 2014",http://www.ufcstats.com/event-details/4e5bbc4566049cbf
363,UFC on FOX: Dos Santos vs Miocic,"Phoenix, Arizona, USA","December 13, 2014",http://www.ufcstats.com/event-details/d4a12dfa4067742f
364,The Ultimate Fighter: A Champion Will Be Crowned Finale,"Las Vegas, Nevada, USA","December 12, 2014",http://www.ufcstats.com/event-details/222d6b547de2e035
365,UFC 181: Hendricks vs Lawler II,"Las Vegas, Nevada, USA","December 06, 2014",http://www.ufcstats.com/event-details/dfdd0c5dd0d4bc23
366,UFC Fight Night: Edgar vs Swanson,"Austin, Texas, USA","November 22, 2014",http://www.ufcstats.com/event-details/155a02a8b4311057
367,UFC 180: Werdum vs Hunt,"Mexico City, Distrito Federal, Mexico","November 15, 2014",http://www.ufcstats.com/event-details/59851163aaf1aed8
368,UFC Fight Night 56: Shogun vs Saint Preux,"Uberlandia, Minas Gerais, Brazil","November 08, 2014",http://www.ufcstats.com/event-details/6ca68b636fbc1f18
369,UFC Fight Night: Rockhold vs Bisping,"Sydney, New South Wales, Australia","November 07, 2014",http://www.ufcstats.com/event-details/371a1c91b24dec2b
370,UFC 179: Aldo vs Mendes 2,"Rio de Janeiro, Brazil","October 25, 2014",http://www.ufcstats.com/event-details/53f02bbc41d99432
371,UFC Fight Night: MacDonald vs Saffiedine,"Halifax, Nova Scotia, Canada","October 04, 2014",http://www.ufcstats.com/event-details/0313bf497de9c470
372,UFC Fight Night: Nelson vs Story,"Stockholm, Sweden","October 04, 2014",http://www.ufcstats.com/event-details/8dc4f34c1f50d00d
373,UFC 178: Johnson vs Cariaso,"Las Vegas, Nevada, USA","September 27, 2014",http://www.ufcstats.com/event-details/3bb030257966b022
374,UFC Fight Night: Hunt vs Nelson,"Saitama, Japan","September 20, 2014",http://www.ufcstats.com/event-details/2dea80c069847321
375,UFC Fight Night: Bigfoot vs Arlovski,"Brasilia, Distrito Federal, Brazil","September 13, 2014",http://www.ufcstats.com/event-details/a71feb7ea7592a71
376,UFC Fight Night: Jacare vs Mousasi,"Ledyard, Connecticut, USA","September 05, 2014",http://www.ufcstats.com/event-details/9bcfb40dbcd50568
377,UFC 177: Dillashaw vs Soto,"Sacramento, California, USA","August 30, 2014",http://www.ufcstats.com/event-details/269d103c96a4c3a5
378,UFC Fight Night: Henderson vs Dos Anjos,"Tulsa, Oklahoma, USA","August 23, 2014",http://www.ufcstats.com/event-details/063649e21bc9d6d5
379,UFC Fight Night: Bisping vs Le,"Macau, China","August 23, 2014",http://www.ufcstats.com/event-details/770b9d4813c25902
380,UFC Fight Night: Bader vs Saint Preux,"Bangor, Maine, USA","August 16, 2014",http://www.ufcstats.com/event-details/fd7acf42bd6e7e95
381,UFC on FOX: Lawler vs Brown,"San Jose, California, USA","July 26, 2014",http://www.ufcstats.com/event-details/05fbfe628658c538
382,UFC Fight Night: McGregor vs Brandao,"Dublin, Leinster, Ireland","July 19, 2014",http://www.ufcstats.com/event-details/073eee4e62f0d988
383,UFC Fight Night: Cowboy vs Miller,"Atlantic City, New Jersey, USA","July 16, 2014",http://www.ufcstats.com/event-details/79ded75550efc139
384,The Ultimate Fighter: Team Edgar vs. Team Penn Finale,"Las Vegas, Nevada, USA","July 06, 2014",http://www.ufcstats.com/event-details/1c5879330d42255f
385,UFC 175: Weidman vs Machida,"Las Vegas, Nevada, USA","July 05, 2014",http://www.ufcstats.com/event-details/53adf5b845d91e4a
386,UFC Fight Night: Swanson vs Stephens,"San Antonio, Texas, USA","June 28, 2014",http://www.ufcstats.com/event-details/c0ed7b208197e8de
387,UFC Fight Night: Te Huna vs Marquardt,"Auckland, New Zealand","June 28, 2014",http://www.ufcstats.com/event-details/ac9521250dc1a14c
388,UFC 174: Johnson vs Bagautinov,"Vancouver, British Columbia, Canada","June 14, 2014",http://www.ufcstats.com/event-details/5b5307450405abf0
389,UFC Fight Night: Henderson vs Khabilov,"Albuquerque, New Mexico, USA","June 07, 2014",http://www.ufcstats.com/event-details/1fcfc3709fe58151
390,UFC Fight Night: Miocic vs Maldonado,"Sao Paulo, Brazil","May 31, 2014",http://www.ufcstats.com/event-details/59aaf2730b84698a
391,UFC Fight Night: Munoz vs Mousasi,"Berlin, Germany","May 31, 2014",http://www.ufcstats.com/event-details/b757c73f443d4fca
392,UFC 173: Barao vs Dillashaw,"Las Vegas, Nevada, USA","May 24, 2014",http://www.ufcstats.com/event-details/9ca265dfe8323db3
393,UFC Fight Night: Brown vs Silva,"Cincinnati, Ohio, USA","May 10, 2014",http://www.ufcstats.com/event-details/579fcdfcabd23a7b
394,UFC 172: Jones vs Teixeira,"Baltimore, Maryland, USA","April 26, 2014",http://www.ufcstats.com/event-details/4f2fcbefb668689d
395,UFC on FOX: Werdum vs Browne,"Orlando, Florida, USA","April 19, 2014",http://www.ufcstats.com/event-details/a421465acbe59c77
396,UFC Fight Night: Bisping vs Kennedy,"Quebec City, Quebec, Canada","April 16, 2014",http://www.ufcstats.com/event-details/f9f07bb5a43535ed
397,UFC Fight Night: Minotauro vs Nelson,"Abu Dhabi, United Arab Emirates","April 11, 2014",http://www.ufcstats.com/event-details/d632d156c0549e07
398,UFC Fight Night: Shogun vs Henderson 2,"Natal, Rio Grande do Norte, Brazil","March 23, 2014",http://www.ufcstats.com/event-details/d5f820c11a121050
399,UFC 171: Hendricks vs Lawler,"Dallas, Texas, USA","March 15, 2014",http://www.ufcstats.com/event-details/179f1948dc234f1f
400,UFC Fight Night: Gustafsson vs Manuwa,"London, England, United Kingdom","March 08, 2014",http://www.ufcstats.com/event-details/ebc1f40e00e0c481
401,UFC Fight Night: Kim vs Hathaway,"Macau, China","March 01, 2014",http://www.ufcstats.com/event-details/a26198ba5093147e
402,UFC 170: Rousey vs McMann,"Las Vegas, Nevada, USA","February 22, 2014",http://www.ufcstats.com/event-details/3138fab619faf4d1
403,UFC Fight Night: Machida vs Mousasi,"Jaragua do Sul, Santa Catarina, Brazil","February 15, 2014",http://www.ufcstats.com/event-details/51b0bb73a1da34bc
404,UFC 169: Barao vs Faber 2,"Newark, New Jersey, USA","February 01, 2014",http://www.ufcstats.com/event-details/fc31f896cde2bc2e
405,UFC on FOX: Henderson vs Thomson,"Chicago, Illinois, USA","January 25, 2014",http://www.ufcstats.com/event-details/a8d521d913df4e31
406,UFC Fight Night: Rockhold vs Philippou,"Duluth, Georgia, USA","January 15, 2014",http://www.ufcstats.com/event-details/30a09e43f15f1d75
407,UFC Fight Night: Saffiedine vs Lim,"Singapore, Singapore","January 04, 2014",http://www.ufcstats.com/event-details/e5c9de15bb58b1c6
408,UFC 168: Weidman vs Silva 2,"Las Vegas, Nevada, USA","December 28, 2013",http://www.ufcstats.com/event-details/83d0de122f2f9664
409,UFC on FOX: Johnson vs. Benavidez 2,"Sacramento, California, USA","December 14, 2013",http://www.ufcstats.com/event-details/480b702debcb5433
410,UFC Fight Night: Hunt vs Bigfoot,"Brisbane, Queensland, Australia","December 06, 2013",http://www.ufcstats.com/event-details/ee457ef1e1c326c1
411,The Ultimate Fighter: Team Rousey vs. Team Tate Finale,"Las Vegas, Nevada, USA","November 30, 2013",http://www.ufcstats.com/event-details/9a967e8e43dcef63
412,UFC 167: St-Pierre vs Hendricks,"Las Vegas, Nevada, USA","November 16, 2013",http://www.ufcstats.com/event-details/28f3c2258a1d8874
413,UFC Fight Night: Belfort vs Henderson 2,"Goiania, Goias, Brazil","November 09, 2013",http://www.ufcstats.com/event-details/5d7c18191b8aa432
414,UFC Fight Night: Fight for the Troops 3,"Fort Campbell, Kentucky, USA","November 06, 2013",http://www.ufcstats.com/event-details/35dc6220b113b7ec
415,UFC Fight Night: Machida vs Munoz,"Manchester, England, United Kingdom","October 26, 2013",http://www.ufcstats.com/event-details/60884f31ead1609c
416,UFC 166: Velasquez vs Dos Santos 3,"Houston, Texas, USA","October 19, 2013",http://www.ufcstats.com/event-details/eae4aec1a5a8ff01
417,UFC Fight Night: Maia vs Shields,"Barueri, Sao Paulo, Brazil","October 09, 2013",http://www.ufcstats.com/event-details/43612456979e5d5e
418,UFC 165: Jones vs Gustafsson,"Toronto, Ontario, Canada","September 21, 2013",http://www.ufcstats.com/event-details/df5a77121ba84a5d
419,UFC Fight Night: Teixeira vs Bader,"Belo Horizonte, Minas Gerais, Brazil","September 04, 2013",http://www.ufcstats.com/event-details/b23fca14c7b79935
420,UFC 164: Henderson vs Pettis 2,"Milwaukee, Wisconsin, USA","August 31, 2013",http://www.ufcstats.com/event-details/980b4e712489098e
421,UFC Fight Night: Condit vs Kampmann 2,"Indianapolis, Indiana, USA","August 28, 2013",http://www.ufcstats.com/event-details/e5c38954c006f15c
422,UFC Fight Night: Shogun vs Sonnen,"Boston, Massachusetts, USA","August 17, 2013",http://www.ufcstats.com/event-details/cf1a88371c8cb690
423,UFC 163: Aldo vs Jung,"Rio de Janeiro, Brazil","August 03, 2013",http://www.ufcstats.com/event-details/ebc5af72ad5a28cb
424,UFC on FOX: Johnson vs Moraga,"Seattle, Washington, USA","July 27, 2013",http://www.ufcstats.com/event-details/5330fe7e4c3af81c
425,UFC 162: Silva vs Weidman,"Las Vegas, Nevada, USA","July 06, 2013",http://www.ufcstats.com/event-details/e0b74df14f52cd15
426,UFC 161: Evans vs Henderson,"Winnipeg, Manitoba, Canada","June 15, 2013",http://www.ufcstats.com/event-details/8fd1f27e86661ede
427,UFC on FUEL TV: Nogueira vs. Werdum,"Fortaleza, Ceara, Brazil","June 08, 2013",http://www.ufcstats.com/event-details/7865707fd684d77b
428,UFC 160: Velasquez vs Silva 2,"Las Vegas, Nevada, USA","May 25, 2013",http://www.ufcstats.com/event-details/3c241737a6069b9f
429,UFC on FX: Belfort vs. Rockhold,"Jaragua do Sul, Santa Catarina, Brazil","May 18, 2013",http://www.ufcstats.com/event-details/030f08370fd1c2bb
430,UFC 159: Jones vs Sonnen,"Newark, New Jersey, USA","April 27, 2013",http://www.ufcstats.com/event-details/ea0ad155451ed1f5
431,UFC on FOX: Henderson vs Melendez,"San Jose, California, USA","April 20, 2013",http://www.ufcstats.com/event-details/aa79d5399571068e
432,The Ultimate Fighter: Team Jones vs. Team Sonnen Finale,"Las Vegas, Nevada, USA","April 13, 2013",http://www.ufcstats.com/event-details/ce47f49e5c386a9c
433,UFC on FUEL TV: Mousasi vs Latifi,"Stockholm, Sweden","April 06, 2013",http://www.ufcstats.com/event-details/6291ac0a3726732f
434,UFC 158: St-Pierre vs Diaz,"Montreal, Quebec, Canada","March 16, 2013",http://www.ufcstats.com/event-details/f1b2a4365799c48b
435,UFC on FUEL TV: Silva vs. Stann,"Saitama, Japan","March 02, 2013",http://www.ufcstats.com/event-details/83c6c3e0f8bde8ee
436,UFC 157: Rousey vs Carmouche,"Anaheim, California, USA","February 23, 2013",http://www.ufcstats.com/event-details/09c44b317c98bf96
437,UFC on FUEL TV: Barao vs McDonald,"London, England, United Kingdom","February 16, 2013",http://www.ufcstats.com/event-details/4679a38cced7c64a
438,UFC 156: Aldo vs Edgar,"Las Vegas, Nevada, USA","February 02, 2013",http://www.ufcstats.com/event-details/601cf40c09090853
439,UFC on FOX: Johnson vs Dodson,"Chicago, Illinois, USA","January 26, 2013",http://www.ufcstats.com/event-details/738acab0c6934dd8
440,UFC on FX: Belfort vs Bisping,"Sao Paulo, Brazil","January 19, 2013",http://www.ufcstats.com/event-details/56f4b81ec4db61af
441,UFC 155: Dos Santos vs Velasquez II,"Las Vegas, Nevada, USA","December 29, 2012",http://www.ufcstats.com/event-details/c6e6926a81adcd00
442,The Ultimate Fighter: Team Carwin vs. Team Nelson Finale,"Las Vegas, Nevada, USA","December 15, 2012",http://www.ufcstats.com/event-details/c6da1c24fe473418
443,UFC on FX: Sotiropoulos vs Pearson,"Gold Coast, Queensland, Australia","December 14, 2012",http://www.ufcstats.com/event-details/e8c170a64dc920ac
444,UFC on FOX: Henderson vs Diaz,"Seattle, Washington, USA","December 08, 2012",http://www.ufcstats.com/event-details/d1e6a6536ee62517
445,UFC 154: St-Pierre vs Condit,"Montreal, Quebec, Canada","November 17, 2012",http://www.ufcstats.com/event-details/d41937647eae9a34
446,UFC Macao: Franklin vs Le,"Macau, China","November 10, 2012",http://www.ufcstats.com/event-details/319fa1bd3176bded
447,UFC 153: Silva vs Bonnar,"Rio de Janeiro, Brazil","October 13, 2012",http://www.ufcstats.com/event-details/96d173b7f92aa520
448,UFC on FX: Browne vs Bigfoot,"Minneapolis, Minnesota, USA","October 05, 2012",http://www.ufcstats.com/event-details/6a0b80a24f22e152
449,UFC on FUEL TV: Struve vs Miocic,"Nottingham, England, United Kingdom","September 29, 2012",http://www.ufcstats.com/event-details/6cbb7661c3258617
450,UFC 152: Jones vs Belfort,"Toronto, Ontario, Canada","September 22, 2012",http://www.ufcstats.com/event-details/53e533db1b8e9712
451,UFC 150: Henderson vs Edgar II,"Denver, Colorado, USA","August 11, 2012",http://www.ufcstats.com/event-details/3c48019bc387b80c
452,UFC on FOX: Shogun vs Vera,"Los Angeles, California, USA","August 04, 2012",http://www.ufcstats.com/event-details/f62850b3c7480db9
453,UFC 149: Faber vs Barao,"Calgary, Alberta, Canada","July 21, 2012",http://www.ufcstats.com/event-details/abbc4fc02e0d84b3
454,UFC on FUEL TV: Munoz vs Weidman,"San Jose, California, USA","July 11, 2012",http://www.ufcstats.com/event-details/d3b5ad3b15a64a18
455,UFC 148: Silva vs Sonnen 2,"Las Vegas, Nevada, USA","July 07, 2012",http://www.ufcstats.com/event-details/e8efeb9cf33b1941
456,UFC 147: Silva vs Franklin 2,"Belo Horizonte, Minas Gerais, Brazil","June 23, 2012",http://www.ufcstats.com/event-details/3da19339ee7051d5
457,UFC on FX: Maynard vs Guida,"Atlantic City, New Jersey, USA","June 22, 2012",http://www.ufcstats.com/event-details/505934897b8b4824
458,UFC on FX: Johnson vs McCall,"Sunrise, Florida, USA","June 08, 2012",http://www.ufcstats.com/event-details/49590e0508b2c19f
459,The Ultimate Fighter: Live Finale,"Las Vegas, Nevada, USA","June 01, 2012",http://www.ufcstats.com/event-details/96087e90d900f0ef
460,UFC 146: Dos Santos vs Mir,"Las Vegas, Nevada, USA","May 26, 2012",http://www.ufcstats.com/event-details/4985113c0928aa62
461,UFC on FUEL TV: Korean Zombie vs Poirier,"Fairfax, Virginia, USA","May 15, 2012",http://www.ufcstats.com/event-details/8caca5857ce0e30b
462,UFC on FOX: Diaz vs Miller,"East Rutherford, New Jersey, USA","May 05, 2012",http://www.ufcstats.com/event-details/5898357a45a73674
463,UFC 145: Jones vs Evans,"Atlanta, Georgia, USA","April 21, 2012",http://www.ufcstats.com/event-details/155bfc7ed36622df
464,UFC on FUEL TV: Gustafsson vs Silva,"Stockholm, Sweden","April 14, 2012",http://www.ufcstats.com/event-details/21f2974fd08085e3
465,UFC on FX: Alves vs Kampmann,"Sydney, New South Wales, Australia","March 02, 2012",http://www.ufcstats.com/event-details/b5ea750025697880
466,UFC 144: Edgar vs Henderson,"Saitama, Japan","February 25, 2012",http://www.ufcstats.com/event-details/8377c5572cb356f3
467,UFC on FUEL TV: Sanchez vs Ellenberger,"Omaha, Nebraska, USA","February 15, 2012",http://www.ufcstats.com/event-details/0a97691039c4bbfb
468,UFC 143: Diaz vs Condit,"Las Vegas, Nevada, USA","February 04, 2012",http://www.ufcstats.com/event-details/df2cf66d8c0123db
469,UFC on FOX: Evans vs Davis,"Chicago, Illinois, USA","January 28, 2012",http://www.ufcstats.com/event-details/c3c23c99477c041b
470,UFC on FX: Guillard vs Miller,"Nashville, Tennessee, USA","January 20, 2012",http://www.ufcstats.com/event-details/4d74641fac830182
471,UFC 142: Aldo vs Mendes,"Rio de Janeiro, Brazil","January 14, 2012",http://www.ufcstats.com/event-details/18524b46c570730b
472,UFC 141: Lesnar vs Overeem,"Las Vegas, Nevada, USA","December 30, 2011",http://www.ufcstats.com/event-details/91720876db0ee468
473,UFC 140: Jones vs Machida,"Toronto, Ontario, Canada","December 10, 2011",http://www.ufcstats.com/event-details/6d7886b094b471ac
474,The Ultimate Fighter: Team Bisping vs Team Miller Finale,"Las Vegas, Nevada, USA","December 03, 2011",http://www.ufcstats.com/event-details/1f5f75658551f2d3
475,UFC 139: Shogun vs Henderson,"San Jose, California, USA","November 19, 2011",http://www.ufcstats.com/event-details/0ec821423baa26bd
476,UFC on FOX: Velasquez vs Dos Santos,"Anaheim, California, USA","November 12, 2011",http://www.ufcstats.com/event-details/1c061eb6e29eaa0a
477,UFC 138: Leben vs Munoz,"Birmingham, England, United Kingdom","November 05, 2011",http://www.ufcstats.com/event-details/e780ccc79a209985
478,UFC 137: Penn vs Diaz,"Las Vegas, Nevada, USA","October 29, 2011",http://www.ufcstats.com/event-details/8788beb528894f33
479,UFC 136: Edgar vs Maynard 3,"Houston, Texas, USA","October 08, 2011",http://www.ufcstats.com/event-details/7d5b12de1625984e
480,UFC Live: Cruz vs Johnson,"Washington, DC, USA","October 01, 2011",http://www.ufcstats.com/event-details/44f9c777fed7ca03
481,UFC 135: Jones vs Rampage,"Denver, Colorado, USA","September 24, 2011",http://www.ufcstats.com/event-details/73ef22f25d0f70e2
482,UFC Fight Night: Shields vs Ellenberger,"New Orleans, Louisiana, USA","September 17, 2011",http://www.ufcstats.com/event-details/1ffc38f67785797b
483,UFC 134: Silva vs Okami,"Rio de Janeiro, Brazil","August 27, 2011",http://www.ufcstats.com/event-details/18968f97ad34f15c
484,UFC Live: Hardy vs Lytle,"Milwaukee, Wisconsin, USA","August 14, 2011",http://www.ufcstats.com/event-details/4c8d6fde2dde07c4
485,UFC 133: Evans vs Ortiz 2,"Philadelphia, Pennsylvania, USA","August 06, 2011",http://www.ufcstats.com/event-details/f1f9e48a0d150757
486,UFC 132: Cruz vs Faber,"Las Vegas, Nevada, USA","July 02, 2011",http://www.ufcstats.com/event-details/83fd97284f4bb4a4
487,UFC Live: Kongo vs Barry,"Pittsburgh, Pennsylvania, USA","June 26, 2011",http://www.ufcstats.com/event-details/d023ae89a2a4a41e
488,UFC 131: Dos Santos vs Carwin,"Vancouver, British Columbia, Canada","June 11, 2011",http://www.ufcstats.com/event-details/aac5ac38148f0528
489,The Ultimate Fighter: Team Lesnar vs Team dos Santos Finale,"Las Vegas, Nevada, USA","June 04, 2011",http://www.ufcstats.com/event-details/3ba3b5cc94498437
490,UFC 130: Rampage vs Hamill,"Las Vegas, Nevada, USA","May 28, 2011",http://www.ufcstats.com/event-details/b732b326c362fb62
491,UFC 129: St-Pierre vs Shields,"Toronto, Ontario, Canada","April 30, 2011",http://www.ufcstats.com/event-details/2db7fa8db6bc9632
492,UFC Fight Night: Nogueira vs Davis,"Seattle, Washington, USA","March 26, 2011",http://www.ufcstats.com/event-details/8a59d346dc976a10
493,UFC 128: Shogun vs Jones,"Newark, New Jersey, USA","March 19, 2011",http://www.ufcstats.com/event-details/1411c630ba711b64
494,UFC Live: Sanchez vs Kampmann,"Louisville, Kentucky, USA","March 03, 2011",http://www.ufcstats.com/event-details/a54fc2d6fc224dc3
495,UFC 127: Penn vs Fitch,"Sydney, New South Wales, Australia","February 26, 2011",http://www.ufcstats.com/event-details/88a9bc81271ccd89
496,UFC 126: Silva vs Belfort,"Las Vegas, Nevada, USA","February 05, 2011",http://www.ufcstats.com/event-details/65ddc8a9ac4e8531
497,UFC Fight Night: Fight for the Troops 2,"Killeen, Texas, USA","January 22, 2011",http://www.ufcstats.com/event-details/282fa667ff9c51ed
498,UFC 125: Resolution,"Las Vegas, Nevada, USA","January 01, 2011",http://www.ufcstats.com/event-details/d1152823307d7e7c
499,UFC 124: St-Pierre vs Koscheck 2,"Montreal, Quebec, Canada","December 11, 2010",http://www.ufcstats.com/event-details/132f860d02953f4c
500,The Ultimate Fighter: Team GSP vs Team Koscheck Finale,"Las Vegas, Nevada, USA","December 04, 2010",http://www.ufcstats.com/event-details/5d7bdab5e03e3216
501,UFC 123: Rampage vs Machida,"Auburn Hills, Michigan, USA","November 20, 2010",http://www.ufcstats.com/event-details/dd992d569aaebee6
502,UFC 122: Marquardt vs Okami,"Oberhausen, North Rhine-Westphalia, Germany","November 13, 2010",http://www.ufcstats.com/event-details/0ff11cc094e887bc
503,UFC 121: Lesnar vs Velasquez,"Anaheim, California, USA","October 23, 2010",http://www.ufcstats.com/event-details/afdb76fbd86f6d11
504,UFC 120: Bisping vs Akiyama,"London, England, United Kingdom","October 16, 2010",http://www.ufcstats.com/event-details/d512d9f204059f57
505,UFC 119: Mir vs Cro Cop,"Indianapolis, Indiana, USA","September 25, 2010",http://www.ufcstats.com/event-details/ad32471f01e7b1a5
506,UFC Fight Night: Marquardt vs Palhares,"Austin, Texas, USA","September 15, 2010",http://www.ufcstats.com/event-details/acff437707625fc7
507,UFC 118: Edgar vs Penn 2,"Boston, Massachusetts, USA","August 28, 2010",http://www.ufcstats.com/event-details/054defd5420a551f
508,UFC 117: Silva vs Sonnen,"Oakland, California, USA","August 07, 2010",http://www.ufcstats.com/event-details/2f3f12002564bb55
509,UFC Live: Jones vs Matyushenko,"San Diego, California, USA","August 01, 2010",http://www.ufcstats.com/event-details/f12f979b657ab876
510,UFC 116: Lesnar vs Carwin,"Las Vegas, Nevada, USA","July 03, 2010",http://www.ufcstats.com/event-details/140745cbbcb023ac
511,The Ultimate Fighter: Team Liddell vs Team Ortiz Finale,"Las Vegas, Nevada, USA","June 19, 2010",http://www.ufcstats.com/event-details/9bcf8603ceb25680
512,UFC 115: Liddell vs Franklin,"Vancouver, British Columbia, Canada","June 12, 2010",http://www.ufcstats.com/event-details/cfb65863d5099327
513,UFC 114: Rampage vs Evans,"Las Vegas, Nevada, USA","May 29, 2010",http://www.ufcstats.com/event-details/bfc2fc38a0e20211
514,UFC 113: Machida vs Shogun 2,"Montreal, Quebec, Canada","May 08, 2010",http://www.ufcstats.com/event-details/d0c29452d3272603
515,UFC 112: Invincible,"Abu Dhabi, United Arab Emirates","April 10, 2010",http://www.ufcstats.com/event-details/24b033b3daf1c9df
516,UFC Fight Night: Florian vs Gomi,"Charlotte, North Carolina, USA","March 31, 2010",http://www.ufcstats.com/event-details/3ed134d85dfbd7b4
517,UFC 111: St-Pierre vs Hardy,"Newark, New Jersey, USA","March 27, 2010",http://www.ufcstats.com/event-details/c80095f6092271a7
518,UFC Live: Vera vs Jones,"Broomfield, Colorado, USA","March 21, 2010",http://www.ufcstats.com/event-details/3795fca327cbcf23
519,UFC 110: Nogueira vs Velasquez,"Sydney, New South Wales, Australia","February 20, 2010",http://www.ufcstats.com/event-details/49efbdc6c9f650c4
520,UFC 109: Relentless,"Las Vegas, Nevada, USA","February 06, 2010",http://www.ufcstats.com/event-details/15edcf67ccf5be84
521,UFC Fight Night: Maynard vs Diaz,"Fairfax, Virginia, USA","January 11, 2010",http://www.ufcstats.com/event-details/58bc81376286b3d3
522,UFC 108: Evans vs Silva,"Las Vegas, Nevada, USA","January 02, 2010",http://www.ufcstats.com/event-details/a6d8bfe9e0c8153b
523,UFC 107: Penn vs Sanchez,"Memphis, Tennessee, USA","December 12, 2009",http://www.ufcstats.com/event-details/821cd80aab70d5f9
524,The Ultimate Fighter: Heavyweights Finale,"Las Vegas, Nevada, USA","December 05, 2009",http://www.ufcstats.com/event-details/91d73ee59347ac16
525,UFC 106: Ortiz vs Griffin 2,"Las Vegas, Nevada, USA","November 21, 2009",http://www.ufcstats.com/event-details/84a067c46306a737
526,UFC 105: Couture vs Vera,"Manchester, England, United Kingdom","November 14, 2009",http://www.ufcstats.com/event-details/fa8b9e6b0c2269f8
527,UFC 104: Machida vs Shogun,"Los Angeles, California, USA","October 24, 2009",http://www.ufcstats.com/event-details/7c0847d3854a95f2
528,UFC 103: Franklin vs Belfort,"Dallas, Texas, USA","September 19, 2009",http://www.ufcstats.com/event-details/896c322f56b8be5a
529,UFC Fight Night: Diaz vs Guillard,"Oklahoma City, Oklahoma, USA","September 16, 2009",http://www.ufcstats.com/event-details/a8ea84cbe1655f0a
530,UFC 102: Couture vs Nogueira,"Portland, Oregon, USA","August 29, 2009",http://www.ufcstats.com/event-details/c6a33ff198aaaeeb
531,UFC 101: Declaration,"Philadelphia, Pennsylvania, USA","August 08, 2009",http://www.ufcstats.com/event-details/48d1f690b763934c
532,UFC 100,"Las Vegas, Nevada, USA","July 11, 2009",http://www.ufcstats.com/event-details/0ee783aa00e468f0
533,The Ultimate Fighter: United States vs. United Kingdom Finale,"Las Vegas, Nevada, USA","June 20, 2009",http://www.ufcstats.com/event-details/4908c5ee68a50ee5
534,UFC 99: The Comeback,"Cologne, North Rhine-Westphalia, Germany","June 13, 2009",http://www.ufcstats.com/event-details/cb6783c39c01d896
535,UFC 98: Evans vs Machida,"Las Vegas, Nevada, USA","May 23, 2009",http://www.ufcstats.com/event-details/c4b6099f0d25f75e
536,UFC 97: Redemption,"Montreal, Quebec, Canada","April 18, 2009",http://www.ufcstats.com/event-details/1652f3213655b935
537,UFC Fight Night: Condit vs Kampmann,"Nashville, Tennessee, USA","April 01, 2009",http://www.ufcstats.com/event-details/04d5718ed2661e8c
538,UFC 96: Jackson vs Jardine,"Columbus, Ohio, USA","March 07, 2009",http://www.ufcstats.com/event-details/29b5791e51e7e832
539,UFC 95: Sanchez vs Stevenson,"London, England, United Kingdom","February 21, 2009",http://www.ufcstats.com/event-details/7d21de9c6d7c98b2
540,UFC Fight Night: Lauzon vs Stephens,"Tampa, Florida, USA","February 07, 2009",http://www.ufcstats.com/event-details/d1759b2b7be9be56
541,UFC 94: St-Pierre vs Penn 2,"Las Vegas, Nevada, USA","January 31, 2009",http://www.ufcstats.com/event-details/2a542ee8a8b83559
542,UFC 93: Franklin vs Henderson,"Dublin, Leinster, Ireland","January 17, 2009",http://www.ufcstats.com/event-details/68c6cd5287b473a7
543,UFC 92: The Ultimate 2008,"Las Vegas, Nevada, USA","December 27, 2008",http://www.ufcstats.com/event-details/23ab42947c1990e3
544,The Ultimate Fighter: Team Nogueira vs. Team Mir Finale,"Las Vegas, Nevada, USA","December 13, 2008",http://www.ufcstats.com/event-details/ea398c802d9998ee
545,UFC Fight Night - Fight for the Troops,"Fayetteville, North Carolina, USA","December 10, 2008",http://www.ufcstats.com/event-details/30cd319d39ee689b
546,UFC 91: Couture vs Lesnar,"Las Vegas, Nevada, USA","November 15, 2008",http://www.ufcstats.com/event-details/a2b06ca02bca14c0
547,UFC 90: Silva vs Cote,"Rosemont, Illinois, USA","October 25, 2008",http://www.ufcstats.com/event-details/c670aa48827d6be6
548,UFC 89: Bisping vs Leben,"Birmingham, England, United Kingdom","October 18, 2008",http://www.ufcstats.com/event-details/312f47c3d2f83ffa
549,UFC Fight Night: Diaz vs Neer,"Omaha, Nebraska, USA","September 17, 2008",http://www.ufcstats.com/event-details/279093302a6f44b3
550,UFC 88: Breakthrough,"Atlanta, Georgia, USA","September 06, 2008",http://www.ufcstats.com/event-details/0db70ca89e1c7374
551,UFC 87: Seek And Destroy,"Minneapolis, Minnesota, USA","August 09, 2008",http://www.ufcstats.com/event-details/19ffeb5e3fffd6d5
552,UFC: Silva vs Irvin,"Las Vegas, Nevada, USA","July 19, 2008",http://www.ufcstats.com/event-details/46f11d15c0134fe3
553,UFC 86: Jackson vs Griffin,"Las Vegas, Nevada, USA","July 05, 2008",http://www.ufcstats.com/event-details/bf12aca029bfcc47
554,The Ultimate Fighter: Team Rampage vs Team Forrest Finale,"Las Vegas, Nevada, USA","June 21, 2008",http://www.ufcstats.com/event-details/2299605af59fd309
555,UFC 85: Bedlam,"London, England, United Kingdom","June 07, 2008",http://www.ufcstats.com/event-details/2efbc83a6b9b7f86
556,UFC 84: Ill Will,"Las Vegas, Nevada, USA","May 24, 2008",http://www.ufcstats.com/event-details/2549d63da9c456cb
557,UFC 83: Serra vs St-Pierre 2,"Montreal, Quebec, Canada","April 19, 2008",http://www.ufcstats.com/event-details/ad047e3073a775f3
558,UFC Fight Night: Florian vs Lauzon,"Broomfield, Colorado, USA","April 02, 2008",http://www.ufcstats.com/event-details/b9e871af730f826c
559,UFC 82: Pride of a Champion,"Columbus, Ohio, USA","March 01, 2008",http://www.ufcstats.com/event-details/598a58db87b890ee
560,UFC 81: Breaking Point,"Las Vegas, Nevada, USA","February 02, 2008",http://www.ufcstats.com/event-details/597db668b01c442c
561,UFC Fight Night: Swick vs Burkman,"Las Vegas, Nevada, USA","January 23, 2008",http://www.ufcstats.com/event-details/33e33d51f289d2a1
562,UFC 80: Rapid Fire,"Newcastle, England, United Kingdom","January 19, 2008",http://www.ufcstats.com/event-details/a24e080000fa7a35
563,UFC 79: Nemesis,"Las Vegas, Nevada, USA","December 29, 2007",http://www.ufcstats.com/event-details/7269329bd87eb479
564,The Ultimate Fighter: Team Hughes vs. Team Serra Finale,"Las Vegas, Nevada, USA","December 08, 2007",http://www.ufcstats.com/event-details/df85d6ec3493d120
565,UFC 78: Validation,"Newark, New Jersey, USA","November 17, 2007",http://www.ufcstats.com/event-details/1d147d4163a6989b
566,UFC 77: Hostile Territory,"Cincinnati, Ohio, USA","October 20, 2007",http://www.ufcstats.com/event-details/91181b29be041f1c
567,UFC 76: Knockout,"Anaheim, California, USA","September 22, 2007",http://www.ufcstats.com/event-details/bad28b7b34f334de
568,UFC Fight Night: Thomas vs Florian,"Las Vegas, Nevada, USA","September 19, 2007",http://www.ufcstats.com/event-details/f341f9551ba744e2
569,UFC 75: Champion vs Champion,"London, England, United Kingdom","September 08, 2007",http://www.ufcstats.com/event-details/0aa92558424ced9e
570,UFC 74: Respect,"Las Vegas, Nevada, USA","August 25, 2007",http://www.ufcstats.com/event-details/a5c53b3ddb31cc7d
571,UFC 73: Stacked,"Sacramento, California, USA","July 07, 2007",http://www.ufcstats.com/event-details/2a6f8136da1e52c0
572,The Ultimate Fighter: Team Pulver vs. Team Penn Finale,"Las Vegas, Nevada, USA","June 23, 2007",http://www.ufcstats.com/event-details/e7ec11096eac0282
573,UFC 72: Victory,"Belfast, Northern Ireland, United Kingdom","June 16, 2007",http://www.ufcstats.com/event-details/5ca158b1cc9cb242
574,UFC Fight Night: Stout vs Fisher,"Hollywood, Florida, USA","June 12, 2007",http://www.ufcstats.com/event-details/304fcd812f12c589
575,UFC 71: Liddell vs Jackson,"Las Vegas, Nevada, USA","May 26, 2007",http://www.ufcstats.com/event-details/2e04a3b4a2011b97
576,UFC 70: Nations Collide,"Manchester, England, United Kingdom","April 21, 2007",http://www.ufcstats.com/event-details/4604ab1de9058474
577,UFC 69: Shootout,"Houston, Texas, USA","April 07, 2007",http://www.ufcstats.com/event-details/c1684f00c626f4c0
578,UFC Fight Night: Stevenson vs Guillard,"Las Vegas, Nevada, USA","April 05, 2007",http://www.ufcstats.com/event-details/a6c2f5381d575920
579,UFC 68: The Uprising,"Columbus, Ohio, USA","March 03, 2007",http://www.ufcstats.com/event-details/de3ed2e152520c8d
580,UFC 67: All or Nothing,"Las Vegas, Nevada, USA","February 03, 2007",http://www.ufcstats.com/event-details/63b65af1c5cb02cb
581,UFC Fight Night: Evans vs Salmon,"Hollywood, Florida, USA","January 25, 2007",http://www.ufcstats.com/event-details/13c4313ed0f744f3
582,UFC 66: Liddell vs Ortiz 2,"Las Vegas, Nevada, USA","December 30, 2006",http://www.ufcstats.com/event-details/ee5df903f80c6816
583,UFC Fight Night: Sanchez vs Riggs,"San Diego, California, USA","December 13, 2006",http://www.ufcstats.com/event-details/21b8a0f5c231096f
584,UFC 65: Bad Intentions,"Sacramento, California, USA","November 18, 2006",http://www.ufcstats.com/event-details/3fed746acfd026dd
585,The Ultimate Fighter: The Comeback Finale,"Las Vegas, Nevada, USA","November 11, 2006",http://www.ufcstats.com/event-details/baf942f4bcb09894
586,UFC 64: Unstoppable,"Las Vegas, Nevada, USA","October 14, 2006",http://www.ufcstats.com/event-details/13b2f59210dda9cc
587,Ortiz vs Shamrock 3: The Final Chapter,"Hollywood, Florida, USA","October 10, 2006",http://www.ufcstats.com/event-details/577ec7e108b94be3
588,UFC 63: Hughes vs Penn,"Anaheim, California, USA","September 23, 2006",http://www.ufcstats.com/event-details/13e62d766b709aa6
589,UFC 62: Liddell vs Sobral,"Las Vegas, Nevada, USA","August 26, 2006",http://www.ufcstats.com/event-details/f717b6002486f73f
590,UFC Fight Night 6,"Las Vegas, Nevada, USA","August 17, 2006",http://www.ufcstats.com/event-details/46c8ec317aff28ac
591,UFC 61: Bitter Rivals,"Las Vegas, Nevada, USA","July 08, 2006",http://www.ufcstats.com/event-details/f70144caea5c4c80
592,UFC Fight Night 5,"Las Vegas, Nevada, USA","June 28, 2006",http://www.ufcstats.com/event-details/445a98acb8985970
593,The Ultimate Fighter: Team Ortiz vs. Team Shamrock Finale,"Las Vegas, Nevada, USA","June 24, 2006",http://www.ufcstats.com/event-details/1dab0d1d81dd06db
594,UFC 60: Hughes vs Gracie,"Los Angeles, California, USA","May 27, 2006",http://www.ufcstats.com/event-details/a54a35a670d8e852
595,UFC 59: Reality Check,"Anaheim, California, USA","April 15, 2006",http://www.ufcstats.com/event-details/03688dc3c3af3ac1
596,UFC Fight Night 4,"Las Vegas, Nevada, USA","April 06, 2006",http://www.ufcstats.com/event-details/b361180739bed4b0
597,UFC 58: USA vs Canada,"Las Vegas, Nevada, USA","March 04, 2006",http://www.ufcstats.com/event-details/0e9869d712e81f8f
598,UFC 57: Liddell vs Couture 3,"Las Vegas, Nevada, USA","February 04, 2006",http://www.ufcstats.com/event-details/977081bc01197656
599,UFC Fight Night 3,"Las Vegas, Nevada, USA","January 16, 2006",http://www.ufcstats.com/event-details/2ee09ec2a0695eb9
600,UFC 56: Full Force,"Las Vegas, Nevada, USA","November 19, 2005",http://www.ufcstats.com/event-details/c7e9d15cfce52f1d
601,The Ultimate Fighter: Team Hughes vs. Team Franklin Finale,"Las Vegas, Nevada, USA","November 05, 2005",http://www.ufcstats.com/event-details/31ceaf0e670c1578
602,UFC 55: Fury,"Uncasville, Connecticut, USA","October 07, 2005",http://www.ufcstats.com/event-details/271fe91f4ba9d2c5
603,UFC Fight Night 2,"Las Vegas, Nevada, USA","October 03, 2005",http://www.ufcstats.com/event-details/efaf544314bb5c2e
604,UFC 54: Boiling Point,"Las Vegas, Nevada, USA","August 20, 2005",http://www.ufcstats.com/event-details/669a3cb6e394f515
605,UFC Fight Night 1,"Las Vegas, Nevada, USA","August 06, 2005",http://www.ufcstats.com/event-details/3f24c96753dbd9f9
606,UFC 53: Heavy Hitters,"Atlantic City, New Jersey, USA","June 04, 2005",http://www.ufcstats.com/event-details/d3711d3784b76255
607,UFC 52: Couture vs Liddell 2,"Las Vegas, Nevada, USA","April 16, 2005",http://www.ufcstats.com/event-details/c933d423ebdbbbdb
608,The Ultimate Fighter: Team Couture vs. Team Liddell Finale,"Las Vegas, Nevada, USA","April 09, 2005",http://www.ufcstats.com/event-details/fbbde91f7bc2d3c5
609,UFC 51: Super Saturday,"Las Vegas, Nevada, USA","February 05, 2005",http://www.ufcstats.com/event-details/85d905f7c4f5a1af
610,UFC 50: The War Of '04,"Atlantic City, New Jersey, USA","October 22, 2004",http://www.ufcstats.com/event-details/ce783bf73b5131f9
611,UFC 49: Unfinished Business,"Las Vegas, Nevada, USA","August 21, 2004",http://www.ufcstats.com/event-details/b4bc2e3353a770b5
612,UFC 48: Payback,"Las Vegas, Nevada, USA","June 19, 2004",http://www.ufcstats.com/event-details/429e7d3725852ce9
613,UFC 47: It's On!,"Las Vegas, Nevada, USA","April 02, 2004",http://www.ufcstats.com/event-details/e8fb8e53bc2e29d6
614,UFC 46: Supernatural,"Las Vegas, Nevada, USA","January 31, 2004",http://www.ufcstats.com/event-details/94609dd91731d428
615,UFC 45: Revolution,"Uncasville, Connecticut, USA","November 21, 2003",http://www.ufcstats.com/event-details/e670f8cc2969a789
616,UFC 44: Undisputed,"Las Vegas, Nevada, USA","September 26, 2003",http://www.ufcstats.com/event-details/c61f66d8c3fd5f07
617,UFC 43: Meltdown,"Las Vegas, Nevada, USA","June 06, 2003",http://www.ufcstats.com/event-details/108afe61a26bcbf4
618,UFC 42: Sudden Impact,"Miami, Florida, USA","April 25, 2003",http://www.ufcstats.com/event-details/ae58685caf8e4a0d
619,UFC 41: Onslaught,"Atlantic City, New Jersey, USA","February 28, 2003",http://www.ufcstats.com/event-details/bba678d312590087
620,UFC 40: Vendetta,"Las Vegas, Nevada, USA","November 22, 2002",http://www.ufcstats.com/event-details/e06fd1260ac865a7
621,UFC 39: The Warriors Return,"Uncasville, Connecticut, USA","September 27, 2002",http://www.ufcstats.com/event-details/0cf935519d439ba6
622,UFC 38: Brawl at the Hall,"London, England, United Kingdom","July 13, 2002",http://www.ufcstats.com/event-details/1dc56b59cb28425d
623,UFC 37.5: As Real As It Gets,"Las Vegas, Nevada, USA","June 22, 2002",http://www.ufcstats.com/event-details/9ccdd2ce45903f34
624,UFC 37: High Impact,"Bossier City, Louisiana, USA","May 10, 2002",http://www.ufcstats.com/event-details/9fd1f08dd4aec14a
625,UFC 36: Worlds Collide,"Las Vegas, Nevada, USA","March 22, 2002",http://www.ufcstats.com/event-details/02fc8f50f56eb307
626,UFC 35: Throwdown,"Uncasville, Connecticut, USA","January 11, 2002",http://www.ufcstats.com/event-details/946f341df6472ee0
627,UFC 34: High Voltage,"Las Vegas, Nevada, USA","November 02, 2001",http://www.ufcstats.com/event-details/4dc496aa0cfc0d95
628,UFC 33: Victory in Vegas,"Las Vegas, Nevada, USA","September 28, 2001",http://www.ufcstats.com/event-details/c75b99887c8c3f5a
629,UFC 32: Showdown in the Meadowlands,"East Rutherford, New Jersey, USA","June 29, 2001",http://www.ufcstats.com/event-details/7b9aa973e5c04624
630,UFC 31: Locked and Loaded,"Atlantic City, New Jersey, USA","May 04, 2001",http://www.ufcstats.com/event-details/20bd6c3e03c46ee6
631,UFC 30: Battle on the Boardwalk,"Atlantic City, New Jersey, USA","February 23, 2001",http://www.ufcstats.com/event-details/2b1587a3376ab743
632,UFC 29: Defense of the Belts,"Tokyo, Japan","December 16, 2000",http://www.ufcstats.com/event-details/08ae5cd9aef7ddd3
633,UFC 28: High Stakes,"Atlantic City, New Jersey, USA","November 17, 2000",http://www.ufcstats.com/event-details/da6dfd09cca1d705
634,UFC 27: Ultimate Bad Boyz,"New Orleans, Louisiana, USA","September 22, 2000",http://www.ufcstats.com/event-details/31652c9267606d54
635,UFC 26: Ultimate Field Of Dreams,"Cedar Rapids, Iowa, USA","June 09, 2000",http://www.ufcstats.com/event-details/cedfdf8d423d500c
636,UFC 25: Ultimate Japan 3,"Tokyo, Japan","April 14, 2000",http://www.ufcstats.com/event-details/d2b1c1317a39f6c6
637,UFC 24: First Defense,"Lake Charles, Louisiana, USA","March 10, 2000",http://www.ufcstats.com/event-details/20ec0061400178ca
638,UFC 23: Ultimate Japan 2,"Chiba, Japan","November 19, 1999",http://www.ufcstats.com/event-details/a8fa0c4e95512806
639,UFC 22: Only One Can be Champion,"Lake Charles, Louisiana, USA","September 24, 1999",http://www.ufcstats.com/event-details/afaad7d6a581e307
640,UFC 21: Return of the Champions,"Cedar Rapids, Iowa, USA","July 16, 1999",http://www.ufcstats.com/event-details/1a1a4d7a29041d77
641,UFC 20: Battle for the Gold,"Birmingham, Alabama, USA","May 07, 1999",http://www.ufcstats.com/event-details/a7b48e18ca27795d
642,UFC 19: Ultimate Young Guns,"Bay St. Louis, Mississippi, USA","March 05, 1999",http://www.ufcstats.com/event-details/a220be6d41d6f97d
643,UFC 18: The Road to the Heavyweight Title,"New Orleans, Louisiana, USA","January 08, 1999",http://www.ufcstats.com/event-details/c9bbf1a0285a8076
644,UFC - Ultimate Brazil,"Sao Paulo, Brazil","October 16, 1998",http://www.ufcstats.com/event-details/32a3025d5db456ae
645,UFC 17: Redemption,"Mobile, Alabama, USA","May 15, 1998",http://www.ufcstats.com/event-details/4a01dc8376736ef5
646,UFC 16: Battle in the Bayou,"New Orleans, Louisiana, USA","March 13, 1998",http://www.ufcstats.com/event-details/749685d24e2cac50
647,UFC - Ultimate Japan,"Yokohama, Kanagawa, Japan","December 21, 1997",http://www.ufcstats.com/event-details/29f935654825331b
648,UFC 15: Collision Course,"Bay St. Louis, Mississippi, USA","October 17, 1997",http://www.ufcstats.com/event-details/07a18ae55dfc3cd9
649,UFC 14: Showdown,"Birmingham, Alabama, USA","July 27, 1997",http://www.ufcstats.com/event-details/dc950d59dc590aca
650,UFC 13: The Ultimate Force,"Augusta, Georgia, USA","May 30, 1997",http://www.ufcstats.com/event-details/5bd533d50c8e7b8a
651,UFC 12: Judgement Day,"Dothan, Alabama, USA","February 07, 1997",http://www.ufcstats.com/event-details/96eff1a628adcc7f
652,UFC - Ultimate Ultimate '96,"Birmingham, Alabama, USA","December 07, 1996",http://www.ufcstats.com/event-details/9b5b5a75523728f3
653,UFC 11: The Proving Ground,"Augusta, Georgia, USA","September 20, 1996",http://www.ufcstats.com/event-details/6ceff86fae4f6b3b
654,UFC 10: The Tournament,"Birmingham, Alabama, USA","July 12, 1996",http://www.ufcstats.com/event-details/aee8eecfc4bfb1e7
655,UFC 9: Motor City Madness,"Detroit, Michigan, USA","May 17, 1996",http://www.ufcstats.com/event-details/a390eb8a9b2df298
656,UFC 8: David vs Goliath,"San Juan, Puerto Rico","February 16, 1996",http://www.ufcstats.com/event-details/b63e800c18e011b5
657,UFC - Ultimate Ultimate '95,"Denver, Colorado, USA","December 16, 1995",http://www.ufcstats.com/event-details/31bbd46d57dfbcb7
658,UFC 7: The Brawl in Buffalo,"Buffalo, New York, USA","September 08, 1995",http://www.ufcstats.com/event-details/5af480a3b2e1726b
659,UFC 6: Clash of the Titans,"Casper, Wyoming, USA","July 14, 1995",http://www.ufcstats.com/event-details/1c3f5e85b59ec710
660,UFC 5: The Return of the Beast,"Charlotte, North Carolina, USA","April 07, 1995",http://www.ufcstats.com/event-details/dedc3bb440d09554
661,UFC 4: Revenge of the Warriors,"Tulsa, Oklahoma, USA","December 16, 1994",http://www.ufcstats.com/event-details/b60391da771deefe
662,UFC 3: The American Dream,"Charlotte, North Carolina, USA","September 09, 1994",http://www.ufcstats.com/event-details/1a49e0670dfaca31
663,UFC 2: No Way Out,"Denver, Colorado, USA","March 11, 1994",http://www.ufcstats.com/event-details/a6a9ab5a824e8f66
